{
    "de-DE": {
        "jp": "ドイツ語",
        "Arc3D": "Bogen",
        "Circle3D": "Kreis",
        "Curve3D": "Kurve",
        "Ellipse3D": "Ellipse",
        "EllipticalArc3D": "ElliptischerBogen",
        "InfiniteLine3D": "UnendlicheLinie",
        "Line3D": "Linie",
        "NurbsCurve3D": "NurbsKurve",
        "Point3D": "Punkt",
        "SketchConicCurve": "SketchConicCurve",
        "Look for elements of lack of restraint in the sketch.": "Sucht in der Skizze nach Elementen der mangelnden Beherrschung.",
        "Result": "Ergebnis",
        "insufficient restraints": "fehlende Einspannungen",
        "Number of elements with missing restraints": "Anzahl der Elemente mit fehlenden Einspannungen",
        "All are restrained": "Alle sind eingespannt",
        "Sketch Analysis": "Analyse der Skizze"
    },
    "en-US": {
        "jp": "英語",
        "Arc3D": "Arc",
        "Circle3D": "Circle",
        "Curve3D": "Curve",
        "Ellipse3D": "Ellipse",
        "EllipticalArc3D": "EllipticalArc",
        "InfiniteLine3D": "InfiniteLine",
        "Line3D": "Line",
        "NurbsCurve3D": "NurbsCurve",
        "Point3D": "Point",
        "SketchConicCurve": "SketchConicCurve",
        "Look for elements of lack of restraint in the sketch.": "Look for elements of lack of restraint in the sketch.",
        "Result": "Result",
        "insufficient restraints": "insufficient restraints",
        "Number of elements with missing restraints": "Number of elements with missing restraints",
        "All are restrained": "All are restrained",
        "Sketch Analysis": "Sketch Analysis"
    },
    "es-ES": {
        "jp": "スペイン語",
        "Arc3D": "Arco",
        "Circle3D": "Círculo",
        "Curve3D": "Curva",
        "Ellipse3D": "Elipse",
        "EllipticalArc3D": "Arco elíptico",
        "InfiniteLine3D": "LíneaInfinita",
        "Line3D": "Línea",
        "NurbsCurve3D": "NurbsCurve",
        "Point3D": "Punto",
        "SketchConicCurve": "SketchConicCurve",
        "Look for elements of lack of restraint in the sketch.": "Busca elementos de falta de contención en el boceto.",
        "Result": "Resultado",
        "insufficient restraints": "Restricciones insuficientes",
        "Number of elements with missing restraints": "Número de elementos con restricciones insuficientes",
        "All are restrained": "Todos están restringidos",
        "Sketch Analysis": "Análisis de croquis"
    },
    "fr-FR": {
        "jp": "フランス語",
        "Arc3D": "Arc",
        "Circle3D": "Cercle",
        "Curve3D": "Courbe",
        "Ellipse3D": "Ellipse",
        "EllipticalArc3D": "Arc elliptique",
        "InfiniteLine3D": "Ligne infinie",
        "Line3D": "Ligne",
        "NurbsCurve3D": "NurbsCurve",
        "Point3D": "Point",
        "SketchConicCurve": "EsquisseCourbeConique",
        "Look for elements of lack of restraint in the sketch.": "Recherche d'éléments de manque de retenue dans l'esquisse.",
        "Result": "Résultat",
        "insufficient restraints": "contraintes insuffisantes",
        "Number of elements with missing restraints": "Nombre d'éléments avec des contraintes manquantes",
        "All are restrained": "Tous les éléments sont retenus",
        "Sketch Analysis": "Analyse du croquis"
    },
    "it-IT": {
        "jp": "イタリア語",
        "Arc3D": "Arco",
        "Circle3D": "Cerchio",
        "Curve3D": "Curva",
        "Ellipse3D": "Ellisse",
        "EllipticalArc3D": "Arco ellittico",
        "InfiniteLine3D": "Linea infinita",
        "Line3D": "Linea",
        "NurbsCurve3D": "Curva Nurbs",
        "Point3D": "Punto",
        "SketchConicCurve": "SchizzoCurvaConica",
        "Look for elements of lack of restraint in the sketch.": "Cerca elementi di mancanza di vincoli nello schizzo.",
        "Result": "Risultato",
        "insufficient restraints": "vincoli insufficienti",
        "Number of elements with missing restraints": "Numero di elementi con vincoli mancanti",
        "All are restrained": "Tutti sono vincolati",
        "Sketch Analysis": "Analisi dello schizzo"
    },
    "ja-JP": {
        "jp": "日本語",
        "Arc3D": "円弧",
        "Circle3D": "円",
        "Curve3D": "曲線",
        "Ellipse3D": "楕円",
        "EllipticalArc3D": "楕円弧",
        "InfiniteLine3D": "無限直線",
        "Line3D": "直線",
        "NurbsCurve3D": "Nurbs曲線",
        "Point3D": "点",
        "SketchConicCurve": "円錐曲線",
        "Look for elements of lack of restraint in the sketch.": "スケッチの拘束不足の要素を探します。",
        "Result": "結果",
        "insufficient restraints": "拘束不足",
        "Number of elements with missing restraints": "拘束が不足している要素数 ",
        "All are restrained": "全て拘束されています",
        "Sketch Analysis": "スケッチ解析"
    },
    "ko-KR": {
        "jp": "韓国語",
        "Arc3D": "원호",
        "Circle3D": "원",
        "Curve3D": "곡선",
        "Ellipse3D": "타원",
        "EllipticalArc3D": "타원호",
        "InfiniteLine3D": "무한 직선",
        "Line3D": "직선",
        "NurbsCurve3D": "Nurbs 곡선",
        "Point3D": "점",
        "SketchConicCurve": "원뿔형 곡선",
        "Look for elements of lack of restraint in the sketch.": "스케치에서 구속이 없는 요소를 찾습니다.",
        "Result": "결과",
        "insufficient restraints": "불충분한 구속",
        "Number of elements with missing restraints": "구속이 누락된 요소의 수",
        "All are restrained": "모두 구속됨",
        "Sketch Analysis": "스케치 분석"
    },
    "zh-CN": {
        "jp": "中国語",
        "Arc3D": "弧形",
        "Circle3D": "圆圈",
        "Curve3D": "曲线",
        "Ellipse3D": "椭圆",
        "EllipticalArc3D": "椭圆弧",
        "InfiniteLine3D": "无限线",
        "Line3D": "线条",
        "NurbsCurve3D": "Nurbs曲线",
        "Point3D": "点",
        "SketchConicCurve": "曲线草图",
        "Look for elements of lack of restraint in the sketch.": "寻找草图中缺乏约束的元素。",
        "Result": "结果",
        "insufficient restraints": "约束力不足",
        "Number of elements with missing restraints": "缺少约束的元素的数量",
        "All are restrained": "所有的都被约束了",
        "Sketch Analysis": "草图分析"
    },
    "pl-PL": {
        "jp": "ポーランド",
        "Arc3D": "Łuk",
        "Circle3D": "Okrąg",
        "Curve3D": "Krzywa",
        "Ellipse3D": "Elipsa",
        "EllipticalArc3D": "EllipticalArc",
        "InfiniteLine3D": "InfiniteLine",
        "Line3D": "Linia",
        "NurbsCurve3D": "NurbsCurve",
        "Point3D": "Punkt",
        "SketchConicCurve": "SketchConicCurve",
        "Look for elements of lack of restraint in the sketch.": "Wyszukuje elementy braku ograniczenia w szkicu.",
        "Result": "Wynik",
        "insufficient restraints": "niewystarczające utwierdzenia",
        "Number of elements with missing restraints": "Liczba elementów z brakującymi utwierdzeniami",
        "All are restrained": "Wszystkie elementy są utwierdzone",
        "Sketch Analysis": "Analiza szkicu"
    },
    "pt-BR": {
        "jp": "ポルトガル_ブラジル",
        "Arc3D": "Arco",
        "Circle3D": "Círculo",
        "Curve3D": "Curva",
        "Ellipse3D": "Elipse",
        "EllipticalArc3D": "EllipticalArc",
        "InfiniteLine3D": "linha infinita",
        "Line3D": "Linha",
        "NurbsCurve3D": "NurbsCurve",
        "Point3D": "Ponto",
        "SketchConicCurve": "SketchConicCurve",
        "Look for elements of lack of restraint in the sketch.": "Procure por elementos de falta de restrição no esboço.",
        "Result": "Resultado",
        "insufficient restraints": "restrições insuficientes",
        "Number of elements with missing restraints": "Número de elementos com restrições ausentes",
        "All are restrained": "Todos têm restrições",
        "Sketch Analysis": "Análise de esboço"
    },
    "tr-TR": {
        "jp": "トルコ",
        "Arc3D": "Ark",
        "Circle3D": "Daire",
        "Curve3D": "Eğri",
        "Ellipse3D": "Elips",
        "EllipticalArc3D": "EliptikArk",
        "InfiniteLine3D": "InfiniteLine",
        "Line3D": "Hat",
        "NurbsCurve3D": "NurbsCurve",
        "Point3D": "Nokta",
        "SketchConicCurve": "SketchConicCurve",
        "Look for elements of lack of restraint in the sketch.": "Eskizde kısıtlama eksikliği unsurları arayın.",
        "Result": "Sonuç",
        "insufficient restraints": "yetersiz kısıtlamalar",
        "Number of elements with missing restraints": "Kısıtlamaları eksik olan eleman sayısı",
        "All are restrained": "Hepsi kısıtlandı",
        "Sketch Analysis": "Eskiz Analizi"
    }
}