<?xml version="1.0" encoding="UTF-8"?>
    <!-- 
    Camera Filter Thread Sizes - for use with Fusion 360 Filter threads
    - version 1.5 - corrected 95mm 0.75 pitch error and added 27mm.

    Changelog:
    - version 1.4 - corrected 6H tolerances added more room to them (too tight before) and 40.5mm and 105 were not done correctly.
    - version 1.3 - added most common filter threads
    
    - https://amesweb.info/Screws/metric-thread-dimensions-calculator.aspx or http://theoreticalmachinist.com/Threads-MetricMProfile.aspx. 

    The most common standard filter sizes for circular filters include 30.5 mm, 35.5 mm, 37 mm, 39 mm, 40.5 mm, 43 mm, 46 mm, 49 mm, 52 mm, 55 mm, 58 mm, 62 mm, 67 mm, 72 mm, 77 mm, 82 mm, 86 mm, 95 mm, 105 mm, 112 mm 122 mm, 127 mm 
     -->
<ThreadType>
  <Name>Camera Filter Metric profile</Name>
  <CustomName>Camera Filter Metric profile</CustomName>
  <Unit>mm</Unit>
  <Angle>60</Angle>
  <SortOrder>3</SortOrder>


<!-- 27mm Camera Filter size -->
  <ThreadSize>
    <Size>27</Size>
       <Designation>
      <ThreadDesignation>M27x0.75</ThreadDesignation>
      <CTD>M27.5x0.75</CTD>
      <Pitch>0.75</Pitch>
      <Thread>
        <Gender>external</Gender>
        <Class>6g</Class>
        <MajorDia>26.838</MajorDia>
        <PitchDia>26.379</PitchDia>
        <MinorDia>25.917</MinorDia>
      </Thread>
      <Thread>
        <Gender>internal</Gender>
        <Class>6H</Class>
        <MajorDia>27.100</MajorDia>
        <PitchDia>26.513</PitchDia>
        <MinorDia>26.188</MinorDia>
        <TapDrill>25.0</TapDrill>
      </Thread>
      <Thread>
        <Gender>external</Gender>
        <Class>4g6g</Class>
        <MajorDia>26.838</MajorDia>
        <PitchDia>26.421</PitchDia>
        <MinorDia>25.959</MinorDia>
      </Thread>
    </Designation>
      <Designation>
      <ThreadDesignation>M27x0.5</ThreadDesignation>
      <CTD>M27x0.5</CTD>
      <Pitch>0.5</Pitch>
      <Thread>
        <Gender>external</Gender>
        <Class>6g</Class>
        <MajorDia>26.874</MajorDia>
        <PitchDia>26.560</PitchDia>
        <MinorDia>26.252</MinorDia>
      </Thread>
      <Thread>
        <Gender>internal</Gender>
        <Class>6H</Class>
        <MajorDia>27.030</MajorDia>
        <PitchDia>26.675</PitchDia>
        <MinorDia>26.459</MinorDia>
        <TapDrill>25.0</TapDrill>
      </Thread>
      <Thread>
        <Gender>external</Gender>
        <Class>4g6g</Class>
        <MajorDia>26.874</MajorDia>
        <PitchDia>26.595</PitchDia>
        <MinorDia>26.287</MinorDia>
      </Thread>
    </Designation>
  </ThreadSize>


<!-- M30.5 Camera Filter size -->
  <ThreadSize>
    <Size>30.5</Size>
       <Designation>
      <ThreadDesignation>M30.5x0.75</ThreadDesignation>
      <CTD>M30.5x0.75</CTD>
      <Pitch>0.75</Pitch>
      <Thread>
        <Gender>external</Gender>
        <Class>6g</Class>
        <MajorDia>30.338</MajorDia>
        <PitchDia>29.878</PitchDia>
        <MinorDia>29.416</MinorDia>
      </Thread>
      <Thread>
        <Gender>internal</Gender>
        <Class>6H</Class>
        <MajorDia>30.578</MajorDia>
        <PitchDia>29.991</PitchDia>
        <MinorDia>29.666</MinorDia>
        <TapDrill>29.35</TapDrill>
      </Thread>
      <Thread>
        <Gender>external</Gender>
        <Class>4g6g</Class>
        <MajorDia>30.338</MajorDia>
        <PitchDia>29.920</PitchDia>
        <MinorDia>29.458</MinorDia>
      </Thread>
    </Designation>
      <Designation>
      <ThreadDesignation>M30.5x0.5</ThreadDesignation>
      <CTD>M30.5x0.5</CTD>
      <Pitch>0.5</Pitch>
      <Thread>
        <Gender>external</Gender>
        <Class>6g</Class>
        <MajorDia>30.374</MajorDia>
        <PitchDia>30.059</PitchDia>
        <MinorDia>29.751</MinorDia>
      </Thread>
      <Thread>
        <Gender>internal</Gender>
        <Class>6H</Class>
        <MajorDia>30.540</MajorDia>
        <PitchDia>30.155</PitchDia>
        <MinorDia>29.938</MinorDia>
        <TapDrill>29.35</TapDrill>
      </Thread>
      <Thread>
        <Gender>external</Gender>
        <Class>4g6g</Class>
        <MajorDia>30.374</MajorDia>
        <PitchDia>30.095</PitchDia>
        <MinorDia>29.787</MinorDia>
      </Thread>
    </Designation>
  </ThreadSize>


  <!-- M35.5 Camera Filter size -->
  <ThreadSize>
    <Size>35.5</Size>
     <Designation>
      <ThreadDesignation>M35.5x1</ThreadDesignation>
      <CTD>M35.5x1</CTD>
      <Pitch>1.0</Pitch>
      <Thread>
        <Gender>external</Gender>
        <Class>6g</Class>
        <MajorDia>35.294</MajorDia>
        <PitchDia>34.699</PitchDia>
        <MinorDia>34.083</MinorDia>
      </Thread>
      <Thread>
        <Gender>internal</Gender>
        <Class>6H</Class>
        <MajorDia>35.674</MajorDia>
        <PitchDia>34.824</PitchDia>
        <MinorDia>34.391</MinorDia>
        <TapDrill>34.5</TapDrill>
      </Thread>
      <Thread>
        <Gender>external</Gender>
        <Class>4g6g</Class>
        <MajorDia>35.294</MajorDia>
        <PitchDia>34.744</PitchDia>
        <MinorDia>34.128</MinorDia>
      </Thread>
    </Designation>
    <Designation>
      <ThreadDesignation>M35.5x0.75</ThreadDesignation>
      <CTD>M35.5x0.75</CTD>
      <Pitch>0.75</Pitch>
      <Thread>
        <Gender>external</Gender>
        <Class>6g</Class>
        <MajorDia>35.338</MajorDia>
        <PitchDia>34.876</PitchDia>
        <MinorDia>34.414</MinorDia>
      </Thread>
      <Thread>
        <Gender>internal</Gender>
        <Class>6H</Class>
        <MajorDia>35.628</MajorDia>
        <PitchDia>34.991</PitchDia>
        <MinorDia>34.666</MinorDia>
        <TapDrill>34.0</TapDrill>
      </Thread>
      <Thread>
        <Gender>external</Gender>
        <Class>4g6g</Class>
        <MajorDia>35.338</MajorDia>
        <PitchDia>34.919</PitchDia>
        <MinorDia>34.457</MinorDia>
      </Thread>
    </Designation>
    <Designation>
      <ThreadDesignation>M35.5x0.5</ThreadDesignation>
      <CTD>M35.5x0.5</CTD>
      <Pitch>0.5</Pitch>
      <Thread>
        <Gender>external</Gender>
        <Class>6g</Class>
        <MajorDia>35.374</MajorDia>
        <PitchDia>35.058</PitchDia>
        <MinorDia>34.750</MinorDia>
      </Thread>
      <Thread>
        <Gender>internal</Gender>
        <Class>6H</Class>
        <MajorDia>35.580</MajorDia>
        <PitchDia>35.155</PitchDia>
        <MinorDia>34.938</MinorDia>
        <TapDrill>34.0</TapDrill>
      </Thread>
      <Thread>
        <Gender>external</Gender>
        <Class>4g6g</Class>
        <MajorDia>35.374</MajorDia>
        <PitchDia>35.094</PitchDia>
        <MinorDia>34.786</MinorDia>
      </Thread>
    </Designation>
  </ThreadSize>

    <!-- M37 Camera Filter size -->
  <ThreadSize>
    <Size>37.0</Size>
    <Designation>
      <ThreadDesignation>M37x1</ThreadDesignation>
      <CTD>M37x1</CTD>
      <Pitch>1.0</Pitch>
      <Thread>
        <Gender>external</Gender>
        <Class>6g</Class>
        <MajorDia>36.794</MajorDia>
        <PitchDia>36.199</PitchDia>
        <MinorDia>35.583</MinorDia>
      </Thread>
      <Thread>
        <Gender>internal</Gender>
        <Class>6H</Class>
        <MajorDia>37.134</MajorDia>
        <PitchDia>36.324</PitchDia>
        <MinorDia>35.891</MinorDia>
        <TapDrill>35.0</TapDrill>
      </Thread>
      <Thread>
        <Gender>external</Gender>
        <Class>4g6g</Class>
        <MajorDia>36.794</MajorDia>
        <PitchDia>36.244</PitchDia>
        <MinorDia>35.628</MinorDia>
      </Thread>
    </Designation>
    <Designation>
      <ThreadDesignation>M37x0.75</ThreadDesignation>
      <CTD>M37x0.75</CTD>
      <Pitch>0.75</Pitch>
      <Thread>
        <Gender>external</Gender>
        <Class>6g</Class>
        <MajorDia>36.838</MajorDia>
        <PitchDia>36.376</PitchDia>
        <MinorDia>35.914</MinorDia>
      </Thread>
      <Thread>
        <Gender>internal</Gender>
        <Class>6H</Class>
        <MajorDia>37.058</MajorDia>
        <PitchDia>36.491</PitchDia>
        <MinorDia>36.166</MinorDia>
        <TapDrill>35.25</TapDrill>
      </Thread>
      <Thread>
        <Gender>external</Gender>
        <Class>4g6g</Class>
        <MajorDia>36.838</MajorDia>
        <PitchDia>36.418</PitchDia>
        <MinorDia>35.956</MinorDia>
      </Thread>
    </Designation>
        <Designation>
      <ThreadDesignation>M37x0.5</ThreadDesignation>
      <CTD>M37x0.5</CTD>
      <Pitch>0.5</Pitch>
      <Thread>
        <Gender>external</Gender>
        <Class>6g</Class>
        <MajorDia>36.874</MajorDia>
        <PitchDia>36.557</PitchDia>
        <MinorDia>36.249</MinorDia>
      </Thread>
      <Thread>
        <Gender>internal</Gender>
        <Class>6H</Class>
        <MajorDia>37.042</MajorDia>
        <PitchDia>36.655</PitchDia>
        <MinorDia>36.438</MinorDia>
        <TapDrill>35.25</TapDrill>
      </Thread>
      <Thread>
        <Gender>external</Gender>
        <Class>4g6g</Class>
        <MajorDia>36.874</MajorDia>
        <PitchDia>36.593</PitchDia>
        <MinorDia>36.285</MinorDia>
      </Thread>
    </Designation>
  </ThreadSize>

  <!-- M39 Camera Filter size -->
  <ThreadSize>
    <Size>39.0</Size>
    <Designation>
      <ThreadDesignation>M39x1</ThreadDesignation>
      <CTD>M39x1</CTD>
      <Pitch>1.0</Pitch>
      <Thread>
        <Gender>external</Gender>
        <Class>6g</Class>
        <MajorDia>38.884</MajorDia>
        <PitchDia>38.262</PitchDia>
        <MinorDia>37.7375</MinorDia>
      </Thread>
      <Thread>
        <Gender>internal</Gender>
        <Class>6H</Class>
        <MajorDia>39.1572</MajorDia>
        <PitchDia>38.4355</PitchDia>
        <MinorDia>38.0355</MinorDia>
        <TapDrill>38.0</TapDrill>
      </Thread>
      <Thread>
        <Gender>external</Gender>
        <Class>4g6g</Class>
        <MajorDia>38.884</MajorDia>
        <PitchDia>38.2845</PitchDia>
        <MinorDia>37.76</MinorDia>
      </Thread>
    </Designation>
     <Designation>
      <ThreadDesignation>M39x0.75</ThreadDesignation>
      <CTD>M39x0.75</CTD>
      <Pitch>0.75</Pitch>
      <Thread>
        <Gender>external</Gender>
        <Class>6g</Class>
        <MajorDia>38.838</MajorDia>
        <PitchDia>38.375</PitchDia>
        <MinorDia>37.913</MinorDia>
      </Thread>
      <Thread>
        <Gender>internal</Gender>
        <Class>6H</Class>
        <MajorDia>39.058</MajorDia>
        <PitchDia>38.491</PitchDia>
        <MinorDia>38.166</MinorDia>
        <TapDrill>38.0</TapDrill>
      </Thread>
      <Thread>
        <Gender>external</Gender>
        <Class>4g6g</Class>
        <MajorDia>38.838</MajorDia>
        <PitchDia>38.418</PitchDia>
        <MinorDia>37.956</MinorDia>
      </Thread>
    </Designation>
    <Designation>
      <ThreadDesignation>M39x0.5</ThreadDesignation>
      <CTD>M39x0.5</CTD>
      <Pitch>0.5</Pitch>
      <Thread>
        <Gender>external</Gender>
        <Class>6g</Class>
        <MajorDia>38.874</MajorDia>
        <PitchDia>38.557</PitchDia>
        <MinorDia>38.249</MinorDia>
      </Thread>
      <Thread>
        <Gender>internal</Gender>
        <Class>6H</Class>
        <MajorDia>39.040</MajorDia>
        <PitchDia>38.655</PitchDia>
        <MinorDia>38.438</MinorDia>
        <TapDrill>38.0</TapDrill>
      </Thread>
      <Thread>
        <Gender>external</Gender>
        <Class>4g6g</Class>
        <MajorDia>38.874</MajorDia>
        <PitchDia>38.593</PitchDia>
        <MinorDia>38.285</MinorDia>
      </Thread>
    </Designation>
  </ThreadSize>


  <!-- M40.5 Camera Filter size -->
  <ThreadSize>
    <Size>40.5</Size>
    <Designation>
      <ThreadDesignation>M40.5x1</ThreadDesignation>
      <CTD>M40.5x1</CTD>
      <Pitch>1.0</Pitch>
      <Thread>
        <Gender>external</Gender>
        <Class>6g</Class>
        <MajorDia>40.294</MajorDia>
        <PitchDia>39.699</PitchDia>
        <MinorDia>39.083</MinorDia>
      </Thread>
      <Thread>
        <Gender>internal</Gender>
        <Class>6H</Class>
        <MajorDia>40.600</MajorDia>
        <PitchDia>39.850</PitchDia>
        <MinorDia>39.417</MinorDia>
        <TapDrill>39.0</TapDrill>
      </Thread>
      <Thread>
        <Gender>external</Gender>
        <Class>4g6g</Class>
        <MajorDia>40.294</MajorDia>
        <PitchDia>39.744</PitchDia>
        <MinorDia>39.128</MinorDia>
      </Thread>
    </Designation>
      <Designation>
      <ThreadDesignation>M40.5x0.75</ThreadDesignation>
      <CTD>M40.5x0.75</CTD>
      <Pitch>0.75</Pitch>
      <Thread>
        <Gender>external</Gender>
        <Class>6g</Class>
        <MajorDia>40.338</MajorDia>
        <PitchDia>39.875</PitchDia>
        <MinorDia>39.413</MinorDia>
      </Thread>
      <Thread>
        <Gender>internal</Gender>
        <Class>6H</Class>
        <MajorDia>40.600</MajorDia>
        <PitchDia>40.013</PitchDia>
        <MinorDia>39.688</MinorDia>
        <TapDrill>38.0</TapDrill>
      </Thread>
      <Thread>
        <Gender>external</Gender>
        <Class>4g6g</Class>
        <MajorDia>40.388</MajorDia>
        <PitchDia>39.875</PitchDia>
        <MinorDia>39.413</MinorDia>
      </Thread>
    </Designation>
       <Designation>
      <ThreadDesignation>M40.5x0.5</ThreadDesignation>
      <CTD>M40.5x0.5</CTD>
      <Pitch>0.5</Pitch>
      <Thread>
        <Gender>external</Gender>
        <Class>6g</Class>
        <MajorDia>40.374</MajorDia>
        <PitchDia>40.056</PitchDia>
        <MinorDia>39.748</MinorDia>
      </Thread>
      <Thread>
        <Gender>internal</Gender>
        <Class>6H</Class>
        <MajorDia>40.600</MajorDia>
        <PitchDia>40.175</PitchDia>
        <MinorDia>39.959</MinorDia>
        <TapDrill>39.0</TapDrill>
      </Thread>
      <Thread>
        <Gender>external</Gender>
        <Class>4g6g</Class>
        <MajorDia>40.413</MajorDia>
        <PitchDia>40.056</PitchDia>
        <MinorDia>39.748</MinorDia>
      </Thread>
    </Designation>
  </ThreadSize>

  <!-- M42 Camera Filter size m42 1.0 Helicoids-->
  <ThreadSize>
    <Size>42.0</Size>
    <Designation>
      <ThreadDesignation>M42x1</ThreadDesignation>
      <CTD>M42x1</CTD>
      <Pitch>1.0</Pitch>
      <Thread>
        <Gender>external</Gender>
        <Class>6g</Class>
        <MajorDia>41.794</MajorDia>
        <PitchDia>41.199</PitchDia>
        <MinorDia>40.583</MinorDia>
      </Thread>
      <Thread>
        <Gender>internal</Gender>
        <Class>6H</Class>
        <MajorDia>42.134</MajorDia>
        <PitchDia>41.324</PitchDia>
        <MinorDia>40.891</MinorDia>
        <TapDrill>40.5</TapDrill>
      </Thread>
      <Thread>
        <Gender>external</Gender>
        <Class>4g6g</Class>
        <MajorDia>41.794</MajorDia>
        <PitchDia>41.244</PitchDia>
        <MinorDia>40.628</MinorDia>
      </Thread>
    </Designation>
     <Designation>
      <ThreadDesignation>M42x0.75</ThreadDesignation>
      <CTD>M42x0.75</CTD>
      <Pitch>0.75</Pitch>
      <Thread>
        <Gender>external</Gender>
        <Class>6g</Class>
        <MajorDia>41.838</MajorDia>
        <PitchDia>41.374</PitchDia>
        <MinorDia>40.912</MinorDia>
      </Thread>
      <Thread>
        <Gender>internal</Gender>
        <Class>6H</Class>
        <MajorDia>42.058</MajorDia>
        <PitchDia>41.491</PitchDia>
        <MinorDia>41.166</MinorDia>
        <TapDrill>40.5</TapDrill>
      </Thread>
      <Thread>
        <Gender>external</Gender>
        <Class>4g6g</Class>
        <MajorDia>41.838</MajorDia>
        <PitchDia>41.418</PitchDia>
        <MinorDia>40.956</MinorDia>
      </Thread>
    </Designation>
       <Designation>
      <ThreadDesignation>M42x0.5</ThreadDesignation>
      <CTD>M42x0.5</CTD>
      <Pitch>0.5</Pitch>
      <Thread>
        <Gender>external</Gender>
        <Class>6g</Class>
        <MajorDia>41.874</MajorDia>
        <PitchDia>41.556</PitchDia>
        <MinorDia>41.248</MinorDia>
      </Thread>
      <Thread>
        <Gender>internal</Gender>
        <Class>6H</Class>
        <MajorDia>42.040</MajorDia>
        <PitchDia>41.655</PitchDia>
        <MinorDia>41.438</MinorDia>
        <TapDrill>40.5</TapDrill>
      </Thread>
      <Thread>
        <Gender>external</Gender>
        <Class>4g6g</Class>
        <MajorDia>41.874</MajorDia>
        <PitchDia>41.593</PitchDia>
        <MinorDia>41.285</MinorDia>
      </Thread>
    </Designation>
  </ThreadSize>

<!-- M46 Camera Filter size -->
  <ThreadSize>
    <Size>46.0</Size>
    <Designation>
      <ThreadDesignation>M46x1</ThreadDesignation>
      <CTD>M46x1</CTD>
      <Pitch>1.0</Pitch>
      <Thread>
        <Gender>external</Gender>
        <Class>6g</Class>
        <MajorDia>45.794</MajorDia>
        <PitchDia>45.192</PitchDia>
        <MinorDia>44.576</MinorDia>
      </Thread>
      <Thread>
        <Gender>internal</Gender>
        <Class>6H</Class>
        <MajorDia>46.142</MajorDia>
        <PitchDia>45.350</PitchDia>
        <MinorDia>44.917</MinorDia>
        <TapDrill>44.5</TapDrill>
      </Thread>
      <Thread>
        <Gender>external</Gender>
        <Class>4g6g</Class>
        <MajorDia>45.794</MajorDia>
        <PitchDia>45.241</PitchDia>
        <MinorDia>44.625</MinorDia>
      </Thread>
    </Designation>
     <Designation>
      <ThreadDesignation>M46x0.75</ThreadDesignation>
      <CTD>M46x0.75</CTD>
      <Pitch>0.75</Pitch>
      <Thread>
        <Gender>external</Gender>
        <Class>6g</Class>
        <MajorDia>45.838</MajorDia>
        <PitchDia>45.373</PitchDia>
        <MinorDia>44.911</MinorDia>
      </Thread>
      <Thread>
        <Gender>internal</Gender>
        <Class>6H</Class>
        <MajorDia>46.078</MajorDia>
        <PitchDia>45.491</PitchDia>
        <MinorDia>45.166</MinorDia>
        <TapDrill>44.5</TapDrill>
      </Thread>
      <Thread>
        <Gender>external</Gender>
        <Class>4g6g</Class>
        <MajorDia>45.838</MajorDia>
        <PitchDia>45.417</PitchDia>
        <MinorDia>44.955</MinorDia>
      </Thread>
    </Designation>
       <Designation>
      <ThreadDesignation>M46x0.5</ThreadDesignation>
      <CTD>M46x0.5</CTD>
      <Pitch>0.5</Pitch>
      <Thread>
        <Gender>external</Gender>
        <Class>6g</Class>
        <MajorDia>45.913</MajorDia>
        <PitchDia>45.592</PitchDia>
        <MinorDia>45.284</MinorDia>
      </Thread>
      <Thread>
        <Gender>internal</Gender>
        <Class>6H</Class>
        <MajorDia>46.040</MajorDia>
        <PitchDia>45.655</PitchDia>
        <MinorDia>45.438</MinorDia>
        <TapDrill>44.5</TapDrill>
      </Thread>
      <Thread>
        <Gender>external</Gender>
        <Class>4g6g</Class>
        <MajorDia>45.913</MajorDia>
        <PitchDia>45.555</PitchDia>
        <MinorDia>45.247</MinorDia>
      </Thread>
    </Designation>
  </ThreadSize>
  
  <!-- M49 Camera Filter size -->
  <ThreadSize>
    <Size>49.0</Size>
    <Designation>
      <ThreadDesignation>M49x1</ThreadDesignation>
      <CTD>M49x1</CTD>
      <Pitch>1.0</Pitch>
      <Thread>
        <Gender>external</Gender>
        <Class>6g</Class>
        <MajorDia>48.794</MajorDia>
        <PitchDia>48.192</PitchDia>
        <MinorDia>47.576</MinorDia>
      </Thread>
      <Thread>
        <Gender>internal</Gender>
        <Class>6H</Class>
        <MajorDia>49.174</MajorDia>
        <PitchDia>48.324</PitchDia>
        <MinorDia>47.891</MinorDia>
        <TapDrill>46.5</TapDrill>
      </Thread>
      <Thread>
        <Gender>external</Gender>
        <Class>4g6g</Class>
        <MajorDia>48.794</MajorDia>
        <PitchDia>48.240</PitchDia>
        <MinorDia>47.624</MinorDia>
      </Thread>
    </Designation>
     <Designation>
      <ThreadDesignation>M49x0.75</ThreadDesignation>
      <CTD>M49x0.75</CTD>
      <Pitch>0.75</Pitch>
      <Thread>
        <Gender>external</Gender>
        <Class>6g</Class>
        <MajorDia>48.838</MajorDia>
        <PitchDia>48.372</PitchDia>
        <MinorDia>47.910</MinorDia>
      </Thread>
      <Thread>
        <Gender>internal</Gender>
        <Class>6H</Class>
        <MajorDia>49.078</MajorDia>
        <PitchDia>48.491</PitchDia>
        <MinorDia>48.166</MinorDia>
        <TapDrill>46.5</TapDrill>
      </Thread>
      <Thread>
        <Gender>external</Gender>
        <Class>4g6g</Class>
        <MajorDia>48.838</MajorDia>
        <PitchDia>48.416</PitchDia>
        <MinorDia>47.954</MinorDia>
      </Thread>
    </Designation>
  </ThreadSize>

   <!-- M50 Camera Filter size -->
  <ThreadSize>
    <Size>50.0</Size>
    <Designation>
      <ThreadDesignation>M50x1</ThreadDesignation>
      <CTD>M50x1</CTD>
      <Pitch>1.0</Pitch>
      <Thread>
        <Gender>external</Gender>
        <Class>6g</Class>
        <MajorDia>49.794</MajorDia>
        <PitchDia>49.240</PitchDia>
        <MinorDia>48.624</MinorDia>
      </Thread>
      <Thread>
        <Gender>internal</Gender>
        <Class>6H</Class>
        <MajorDia>50.154</MajorDia>
        <PitchDia>49.324</PitchDia>
        <MinorDia>48.891</MinorDia>
        <TapDrill>48.3</TapDrill>
      </Thread>
      <Thread>
        <Gender>external</Gender>
        <Class>4g6g</Class>
        <MajorDia>49.794</MajorDia>
        <PitchDia>49.240</PitchDia>
        <MinorDia>48.624</MinorDia>
      </Thread>
    </Designation>
    <Designation>
      <ThreadDesignation>M50x0.75</ThreadDesignation>
      <CTD>M50x0.75</CTD>
      <Pitch>0.75</Pitch>
      <Thread>
        <Gender>external</Gender>
        <Class>6g</Class>
        <MajorDia>50.022</MajorDia>
        <PitchDia>49.535</PitchDia>
        <MinorDia>49.210</MinorDia>
      </Thread>
      <Thread>
        <Gender>internal</Gender>
        <Class>6H</Class>
        <MajorDia>50.287</MajorDia>
        <PitchDia>49.692</PitchDia>
        <MinorDia>49.400</MinorDia>
        <TapDrill>48.3</TapDrill>
      </Thread>
      <Thread>
        <Gender>external</Gender>
        <Class>4g6g</Class>
        <MajorDia>49.838</MajorDia>
        <PitchDia>49.416</PitchDia>
        <MinorDia>48.954</MinorDia>
      </Thread>
    </Designation>
  </ThreadSize>

  <!-- M52 Camera Filter size -->
  <ThreadSize>
    <Size>52.0</Size>
    <Designation>
      <ThreadDesignation>M52x1</ThreadDesignation>
      <CTD>M52x1</CTD>
      <Pitch>1.0</Pitch>
      <Thread>
        <Gender>external</Gender>
        <Class>6g</Class>
        <MajorDia>51.794</MajorDia>
        <PitchDia>51.191</PitchDia>
        <MinorDia>50.575</MinorDia>
      </Thread>
      <Thread>
        <Gender>internal</Gender>
        <Class>6H</Class>
        <MajorDia>52.154</MajorDia>
        <PitchDia>51.324</PitchDia>
        <MinorDia>50.891</MinorDia>
        <TapDrill>50.5</TapDrill>
      </Thread>
      <Thread>
        <Gender>external</Gender>
        <Class>4g6g</Class>
        <MajorDia>51.794</MajorDia>
        <PitchDia>51.240</PitchDia>
        <MinorDia>50.624</MinorDia>
      </Thread>
    </Designation>
     <Designation>
      <ThreadDesignation>M52x0.75</ThreadDesignation>
      <CTD>M52x0.75</CTD>
      <Pitch>0.75</Pitch>
      <Thread>
        <Gender>external</Gender>
        <Class>6g</Class>
        <MajorDia>51.838</MajorDia>
        <PitchDia>51.372</PitchDia>
        <MinorDia>50.910</MinorDia>
      </Thread>
      <Thread>
        <Gender>internal</Gender>
        <Class>6H</Class>
        <MajorDia>52.058</MajorDia>
        <PitchDia>51.491</PitchDia>
        <MinorDia>51.166</MinorDia>
        <TapDrill>50.5</TapDrill>
      </Thread>
      <Thread>
        <Gender>external</Gender>
        <Class>4g6g</Class>
        <MajorDia>51.85</MajorDia>
        <PitchDia>51.416</PitchDia>
        <MinorDia>50.954</MinorDia>
      </Thread>
    </Designation>
  </ThreadSize>

  <!-- M55 Camera Filter size -->
  <ThreadSize>
    <Size>55.0</Size>
    <Designation>
      <ThreadDesignation>M55x1</ThreadDesignation>
      <CTD>M55x1</CTD>
      <Pitch>1.0</Pitch>
      <Thread>
        <Gender>external</Gender>
        <Class>6g</Class>
        <MajorDia>54.794</MajorDia>
        <PitchDia>54.190</PitchDia>
        <MinorDia>53.574</MinorDia>
      </Thread>
      <Thread>
        <Gender>internal</Gender>
        <Class>6H</Class>
        <MajorDia>55.154</MajorDia>
        <PitchDia>54.324</PitchDia>
        <MinorDia>53.891</MinorDia>
        <TapDrill>53.5</TapDrill>
      </Thread>
      <Thread>
        <Gender>external</Gender>
        <Class>4g6g</Class>
        <MajorDia>54.794</MajorDia>
        <PitchDia>53.944</PitchDia>
        <MinorDia>53.157</MinorDia>
      </Thread>
    </Designation>
    <Designation>
      <ThreadDesignation>M55x0.75</ThreadDesignation>
      <CTD>M55x0.75</CTD>
      <Pitch>0.75</Pitch>
      <Thread>
        <Gender>external</Gender>
        <Class>6g</Class>
        <MajorDia>54.838</MajorDia>
        <PitchDia>54.371</PitchDia>
        <MinorDia>53.909</MinorDia>
      </Thread>
      <Thread>
        <Gender>internal</Gender>
        <Class>6H</Class>
        <MajorDia>55.054</MajorDia>
        <PitchDia>54.491</PitchDia>
        <MinorDia>54.166</MinorDia>
        <TapDrill>53.5</TapDrill>
      </Thread>
      <Thread>
        <Gender>external</Gender>
        <Class>4g6g</Class>
        <MajorDia>54.838</MajorDia>
        <PitchDia>54.416</PitchDia>
        <MinorDia>53.954</MinorDia>
      </Thread>
    </Designation>
  </ThreadSize>

<!-- M58 Camera Filter size -->
  <ThreadSize>
    <Size>58.0</Size>
    <Designation>
      <ThreadDesignation>M58x1</ThreadDesignation>
      <CTD>M58x1</CTD>
      <Pitch>1.0</Pitch>
      <Thread>
        <Gender>external</Gender>
        <Class>6g</Class>
        <MajorDia>57.794</MajorDia>
        <PitchDia>57.189</PitchDia>
        <MinorDia>56.573</MinorDia>
      </Thread>
      <Thread>
        <Gender>internal</Gender>
        <Class>6H</Class>
        <MajorDia>58.154</MajorDia>
        <PitchDia>57.324</PitchDia>
        <MinorDia>56.891</MinorDia>
        <TapDrill>56.5</TapDrill>
      </Thread>
      <Thread>
        <Gender>external</Gender>
        <Class>4g6g</Class>
        <MajorDia>57.794</MajorDia>
        <PitchDia>57.239</PitchDia>
        <MinorDia>56.623</MinorDia>
      </Thread>
    </Designation>
     <Designation>
      <ThreadDesignation>M58x0.75</ThreadDesignation>
      <CTD>M58x0.75</CTD>
      <Pitch>0.75</Pitch>
      <Thread>
        <Gender>external</Gender>
        <Class>6g</Class>
        <MajorDia>57.838</MajorDia>
        <PitchDia>57.415</PitchDia>
        <MinorDia>56.953</MinorDia>
      </Thread>
      <Thread>
        <Gender>internal</Gender>
        <Class>6H</Class>
        <MajorDia>58.058</MajorDia>
        <PitchDia>57.491 </PitchDia>
        <MinorDia>57.166</MinorDia>
        <TapDrill>56.5</TapDrill>
      </Thread>
      <Thread>
        <Gender>external</Gender>
        <Class>4g6g</Class>
        <MajorDia>57.838</MajorDia>
        <PitchDia>56.9437</PitchDia>
        <MinorDia>56.1569</MinorDia>
      </Thread>
    </Designation>
  </ThreadSize>

  <!-- M62 Camera Filter size -->
  <ThreadSize>
    <Size>62.0</Size>
     <Designation>
      <ThreadDesignation>M62x1</ThreadDesignation>
      <CTD>M62x1</CTD>
      <Pitch>1.0</Pitch>
      <Thread>
        <Gender>external</Gender>
        <Class>6g</Class>
        <MajorDia>61.794</MajorDia>
        <PitchDia>61.188</PitchDia>
        <MinorDia>60.572</MinorDia>
      </Thread>
      <Thread>
        <Gender>internal</Gender>
        <Class>6H</Class>
        <MajorDia>62.154</MajorDia>
        <PitchDia>61.324</PitchDia>
        <MinorDia>60.891</MinorDia>
        <TapDrill>60.0</TapDrill>
      </Thread>
      <Thread>
        <Gender>external</Gender>
        <Class>4g6g</Class>
        <MajorDia>61.794</MajorDia>
        <PitchDia>61.238</PitchDia>
        <MinorDia>60.622</MinorDia>
      </Thread>
    </Designation>
    <Designation>
      <ThreadDesignation>M62x0.75</ThreadDesignation>
      <CTD>M62x0.75</CTD>
      <Pitch>0.75</Pitch>
      <Thread>
        <Gender>external</Gender>
        <Class>6g</Class>
        <MajorDia>61.838</MajorDia>
        <PitchDia>61.370</PitchDia>
        <MinorDia>60.908</MinorDia>
      </Thread>
      <Thread>
        <Gender>internal</Gender>
        <Class>6H</Class>
        <MajorDia>62.058</MajorDia>
        <PitchDia>61.491</PitchDia>
        <MinorDia>61.166</MinorDia>
        <TapDrill>60.5</TapDrill>
      </Thread>
      <Thread>
        <Gender>external</Gender>
        <Class>4g6g</Class>
        <MajorDia>61.838</MajorDia>
        <PitchDia>61.415</PitchDia>
        <MinorDia>60.953</MinorDia>
      </Thread>
    </Designation>
  </ThreadSize>

 
  <!-- M65 Camera Filter size m65 1.0 Helicoids-->
  <ThreadSize>
    <Size>65.0</Size>
    <Designation>
      <ThreadDesignation>M65x1.0</ThreadDesignation>
      <CTD>M65x1.0</CTD>
      <Pitch>1.0</Pitch>
      <Thread>
        <Gender>external</Gender>
        <Class>6g</Class>
        <MajorDia>64.794</MajorDia>
        <PitchDia>64.188</PitchDia>
        <MinorDia>63.572</MinorDia>
      </Thread>
      <Thread>
        <Gender>internal</Gender>
        <Class>6H</Class>
        <MajorDia>65.121</MajorDia>
        <PitchDia>64.350</PitchDia>
        <MinorDia>63.917</MinorDia>
        <TapDrill>63.5</TapDrill>
      </Thread>
      <Thread>
        <Gender>external</Gender>
        <Class>4g6g</Class>
        <MajorDia>64.974</MajorDia>
        <PitchDia>64.324</PitchDia>
        <MinorDia>63.881</MinorDia>
      </Thread>
    </Designation>
  <Designation>
      <ThreadDesignation>M65x0.75</ThreadDesignation>
      <CTD>M65x0.75</CTD>
      <Pitch>0.75</Pitch>
      <Thread>
        <Gender>external</Gender>
        <Class>6g</Class>
        <MajorDia>64.838</MajorDia>
        <PitchDia>64.369</PitchDia>
        <MinorDia>63.907</MinorDia>
      </Thread>
      <Thread>
        <Gender>internal</Gender>
        <Class>6H</Class>
        <MajorDia>65.058</MajorDia>
        <PitchDia>64.491</PitchDia>
        <MinorDia>64.166</MinorDia>
        <TapDrill>64.0</TapDrill>
      </Thread>
      <Thread>
        <Gender>external</Gender>
        <Class>4g6g</Class>
        <MajorDia>64.838</MajorDia>
        <PitchDia>64.414</PitchDia>
        <MinorDia>63.952</MinorDia>
      </Thread>
    </Designation>
</ThreadSize>


<!-- M65.5 1.0 -->
  
    <ThreadSize>
    <Size>65.5</Size>
    <Designation>
      <ThreadDesignation>65.5x1.0</ThreadDesignation>
      <CTD>65.5x1.0</CTD>
      <Pitch>1.0</Pitch>
      <Thread>
        <Gender>external</Gender>
        <Class>6g</Class>
        <MajorDia>65.294</MajorDia>
        <PitchDia>64.688</PitchDia>
        <MinorDia>64.072</MinorDia>
      </Thread>
      <Thread>
        <Gender>internal</Gender>
        <Class>6H</Class>
        <MajorDia>65.520</MajorDia>
        <PitchDia>64.850</PitchDia>
        <MinorDia>64.217</MinorDia>
        <TapDrill>63.8</TapDrill>
      </Thread>
      <Thread>
        <Gender>external</Gender>
        <Class>4g6g</Class>
        <MajorDia>65.474</MajorDia>
        <PitchDia>64.824</PitchDia>
        <MinorDia>64.381</MinorDia>
      </Thread>
    </Designation>
  </ThreadSize>

    <!-- M67 Camera Filter size -->
  <ThreadSize>
    <Size>67.0</Size>
    <Designation>
      <ThreadDesignation>M67x1</ThreadDesignation>
      <CTD>M67x1</CTD>
      <Pitch>1.0</Pitch>
      <Thread>
        <Gender>external</Gender>
        <Class>6g</Class>
        <MajorDia>66.794</MajorDia>
        <PitchDia>66.187</PitchDia>
        <MinorDia>65.571</MinorDia>
      </Thread>
      <Thread>
        <Gender>internal</Gender>
        <Class>6H</Class>
        <MajorDia>67.154</MajorDia>
        <PitchDia>66.324</PitchDia>
        <MinorDia>65.891</MinorDia>
        <TapDrill>65.5</TapDrill>
      </Thread>
      <Thread>
        <Gender>external</Gender>
        <Class>4g6g</Class>
        <MajorDia>66.794</MajorDia>
        <PitchDia>66.2387</PitchDia>
        <MinorDia>65.622</MinorDia>
      </Thread>
    </Designation>
     <Designation>
      <ThreadDesignation>M67x0.75</ThreadDesignation>
      <CTD>M67x0.75</CTD>
      <Pitch>0.75</Pitch>
      <Thread>
        <Gender>external</Gender>
        <Class>6g</Class>
        <MajorDia>66.838</MajorDia>
        <PitchDia>66.369</PitchDia>
        <MinorDia>65.907</MinorDia>
      </Thread>
      <Thread>
        <Gender>internal</Gender>
        <Class>6H</Class>
        <MajorDia>67.052</MajorDia>
        <PitchDia>66.491</PitchDia>
        <MinorDia>66.166</MinorDia>
        <TapDrill>65.5</TapDrill>
      </Thread>
      <Thread>
        <Gender>external</Gender>
        <Class>4g6g</Class>
        <MajorDia>66.838</MajorDia>
        <PitchDia>66.414</PitchDia>
        <MinorDia>65.952</MinorDia>
      </Thread>
    </Designation>
  </ThreadSize>

<!-- M68 Camera Filter size for my Bell Howell rear lens cap -->
  <ThreadSize>
    <Size>68.0</Size>
    <Designation>
      <ThreadDesignation>M68x0.75</ThreadDesignation>
      <CTD>M68x0.75</CTD>
      <Pitch>0.75</Pitch>
      <Thread>
        <Gender>external</Gender>
        <Class>6g</Class>
        <MajorDia>67.838</MajorDia>
        <PitchDia>67.369</PitchDia>
        <MinorDia>66.907</MinorDia>
      </Thread>
      <Thread>
        <Gender>internal</Gender>
        <Class>6H</Class>
        <MajorDia>68.058</MajorDia>
        <PitchDia>67.491</PitchDia>
        <MinorDia>67.366</MinorDia>
        <TapDrill>67.0</TapDrill>
      </Thread>
      <Thread>
        <Gender>external</Gender>
        <Class>4g6g</Class>
        <MajorDia>67.838</MajorDia>
        <PitchDia>67.414</PitchDia>
        <MinorDia>66.952</MinorDia>
      </Thread>
    </Designation>
    <Designation>
      <ThreadDesignation>M68x1</ThreadDesignation>
      <CTD>M68x1</CTD>
      <Pitch>1.0</Pitch>
      <Thread>
        <Gender>external</Gender>
        <Class>6g</Class>
        <MajorDia>67.794</MajorDia>
        <PitchDia>67.187</PitchDia>
        <MinorDia>66.571</MinorDia>
      </Thread>
      <Thread>
        <Gender>internal</Gender>
        <Class>6H</Class>
        <MajorDia>68.154</MajorDia>
        <PitchDia>67.324</PitchDia>
        <MinorDia>66.891</MinorDia>
        <TapDrill>65.0</TapDrill>
      </Thread>
      <Thread>
        <Gender>external</Gender>
        <Class>4g6g</Class>
        <MajorDia>67.794</MajorDia>
        <PitchDia>67.238</PitchDia>
        <MinorDia>66.622</MinorDia>
      </Thread>
    </Designation>
  </ThreadSize>

  <!-- M72 Camera Filter size -->
  <ThreadSize>
    <Size>72.0</Size>
    <Designation>
      <ThreadDesignation>M72x1</ThreadDesignation>
      <CTD>M72x1</CTD>
      <Pitch>1.0</Pitch>
      <Thread>
        <Gender>external</Gender>
        <Class>6g</Class>
        <MajorDia>71.794</MajorDia>
        <PitchDia>71.186</PitchDia>
        <MinorDia>70.570</MinorDia>
      </Thread>
      <Thread>
        <Gender>internal</Gender>
        <Class>6H</Class>
        <MajorDia>72.154</MajorDia>
        <PitchDia>71.324</PitchDia>
        <MinorDia>70.891</MinorDia>
        <TapDrill>70.5</TapDrill>
      </Thread>
      <Thread>
        <Gender>external</Gender>
        <Class>4g6g</Class>
        <MajorDia>71.794</MajorDia>
        <PitchDia>71.237</PitchDia>
        <MinorDia>70.621</MinorDia>
      </Thread>
    </Designation>
      <Designation>
      <ThreadDesignation>M72x0.75</ThreadDesignation>
      <CTD>M72x0.75</CTD>
      <Pitch>0.75</Pitch>
      <Thread>
        <Gender>external</Gender>
        <Class>6g</Class>
        <MajorDia>71.838</MajorDia>
        <PitchDia>71.368</PitchDia>
        <MinorDia>70.906</MinorDia>
      </Thread>
      <Thread>
        <Gender>internal</Gender>
        <Class>6H</Class>
        <MajorDia>72.058</MajorDia>
        <PitchDia>71.491</PitchDia>
        <MinorDia>71.166</MinorDia>
        <TapDrill>70.5</TapDrill>
      </Thread>
      <Thread>
        <Gender>external</Gender>
        <Class>4g6g</Class>
        <MajorDia>71.838</MajorDia>
        <PitchDia>71.413</PitchDia>
        <MinorDia>70.951</MinorDia>
      </Thread>
    </Designation>
  </ThreadSize>

  <!-- M77 Camera Filter size -->
  <ThreadSize>
    <Size>77.0</Size>
    <Designation>
      <ThreadDesignation>M77x1</ThreadDesignation>
      <CTD>M77x1</CTD>
      <Pitch>1.0</Pitch>
      <Thread>
        <Gender>external</Gender>
        <Class>6g</Class>
        <MajorDia>76.794</MajorDia>
        <PitchDia>76.186</PitchDia>
        <MinorDia>75.570</MinorDia>
      </Thread>
      <Thread>
        <Gender>internal</Gender>
        <Class>6H</Class>
        <MajorDia>77.154</MajorDia>
        <PitchDia>76.324</PitchDia>
        <MinorDia>75.891</MinorDia>
        <TapDrill>75.5</TapDrill>
      </Thread>
      <Thread>
        <Gender>external</Gender>
        <Class>4g6g</Class>
        <MajorDia>76.794</MajorDia>
        <PitchDia>76.236</PitchDia>
        <MinorDia>75.620</MinorDia>
      </Thread>
    </Designation>
    <Designation>
      <ThreadDesignation>M77x0.75</ThreadDesignation>
      <CTD>M77x0.75</CTD>
      <Pitch>0.75</Pitch>
      <Thread>
        <Gender>external</Gender>
        <Class>6g</Class>
        <MajorDia>76.838</MajorDia>
        <PitchDia>76.367</PitchDia>
        <MinorDia>75.905</MinorDia>
      </Thread>
      <Thread>
        <Gender>internal</Gender>
        <Class>6H</Class>
        <MajorDia>77.058</MajorDia>
        <PitchDia>76.491</PitchDia>
        <MinorDia>76.166</MinorDia>
        <TapDrill>75.5</TapDrill>
      </Thread>
      <Thread>
        <Gender>external</Gender>
        <Class>4g6g</Class>
        <MajorDia>76.838</MajorDia>
        <PitchDia>76.413</PitchDia>
        <MinorDia>75.951</MinorDia>
      </Thread>
    </Designation>
  </ThreadSize>

  <!-- M82 Camera Filter size -->
  <ThreadSize>
    <Size>82.0</Size>
    <Designation>
      <ThreadDesignation>M82x1</ThreadDesignation>
      <CTD>M82x1</CTD>
      <Pitch>1.0</Pitch>
      <Thread>
        <Gender>external</Gender>
        <Class>6g</Class>
        <MajorDia>81.794</MajorDia>
        <PitchDia>81.185</PitchDia>
        <MinorDia>80.569</MinorDia>
      </Thread>
      <Thread>
        <Gender>internal</Gender>
        <Class>6H</Class>
        <MajorDia>82.154</MajorDia>
        <PitchDia>81.324</PitchDia>
        <MinorDia>80.891</MinorDia>
        <TapDrill>80.5</TapDrill>
      </Thread>
      <Thread>
        <Gender>external</Gender>
        <Class>4g6g</Class>
        <MajorDia>81.794</MajorDia>
        <PitchDia>81.236</PitchDia>
        <MinorDia>80.620</MinorDia>
      </Thread>
    </Designation>
     <Designation>
      <ThreadDesignation>M82x0.75</ThreadDesignation>
      <CTD>M82x0.75</CTD>
      <Pitch>0.75</Pitch>
      <Thread>
        <Gender>external</Gender>
        <Class>6g</Class>
        <MajorDia>81.838</MajorDia>
        <PitchDia>81.366</PitchDia>
        <MinorDia>80.904</MinorDia>
      </Thread>
      <Thread>
        <Gender>internal</Gender>
        <Class>6H</Class>
        <MajorDia>82.058</MajorDia>
        <PitchDia>81.491</PitchDia>
        <MinorDia>81.166</MinorDia>
        <TapDrill>80.5</TapDrill>
      </Thread>
      <Thread>
        <Gender>external</Gender>
        <Class>4g6g</Class>
        <MajorDia>81.838</MajorDia>
        <PitchDia>81.412</PitchDia>
        <MinorDia>80.950</MinorDia>
      </Thread>
    </Designation>
  </ThreadSize>


  <!-- M86 Camera Filter size -->
  <ThreadSize>
    <Size>86.0</Size>
    <Designation>
      <ThreadDesignation>M86x1</ThreadDesignation>
      <CTD>M86x1</CTD>
      <Pitch>1.0</Pitch>
      <Thread>
        <Gender>external</Gender>
        <Class>6g</Class>
        <MajorDia>85.794</MajorDia>
        <PitchDia>85.184</PitchDia>
        <MinorDia>84.568</MinorDia>
      </Thread>
      <Thread>
        <Gender>internal</Gender>
        <Class>6H</Class>
        <MajorDia>86.134</MajorDia>
        <PitchDia>85.324</PitchDia>
        <MinorDia>84.891</MinorDia>
        <TapDrill>84.5</TapDrill>
      </Thread>
      <Thread>
        <Gender>external</Gender>
        <Class>4g6g</Class>
        <MajorDia>85.794</MajorDia>
        <PitchDia>85.235</PitchDia>
        <MinorDia>84.619</MinorDia>
      </Thread>
    </Designation>
        <Designation>
      <ThreadDesignation>M86x0.75</ThreadDesignation>
      <CTD>M86x0.75</CTD>
      <Pitch>0.75</Pitch>
      <Thread>
        <Gender>external</Gender>
        <Class>6g</Class>
        <MajorDia>85.838</MajorDia>
        <PitchDia>85.366</PitchDia>
        <MinorDia>84.904</MinorDia>
      </Thread>
      <Thread>
        <Gender>internal</Gender>
        <Class>6H</Class>
        <MajorDia>86.058</MajorDia>
        <PitchDia>85.491</PitchDia>
        <MinorDia>85.166</MinorDia>
        <TapDrill>84.5</TapDrill>
      </Thread>
      <Thread>
        <Gender>external</Gender>
        <Class>4g6g</Class>
        <MajorDia>85.838</MajorDia>
        <PitchDia>85.412</PitchDia>
        <MinorDia>84.950</MinorDia>
      </Thread>
    </Designation>
  </ThreadSize>

  <!-- M95 Camera Filter size for my variable ND FIlter https://amesweb.info/Screws/metric-thread-dimensions-calculator.aspx -->
  <ThreadSize>
    <Size>95.0</Size>
    <Designation>
      <ThreadDesignation>M95x1.5</ThreadDesignation>
      <CTD>M95x1.5</CTD>
      <Pitch>1.5</Pitch>
      <Thread>
        <Gender>external</Gender>
        <Class>6g</Class>
        <MajorDia>94.85</MajorDia>
        <PitchDia>93.9037</PitchDia>
        <MinorDia>93.1169</MinorDia>
      </Thread>
      <Thread>
        <Gender>internal</Gender>
        <Class>6H</Class>
        <MajorDia>95.1263</MajorDia>
        <PitchDia>94.1437</PitchDia>
        <MinorDia>93.5262</MinorDia>
        <TapDrill>93.5</TapDrill>
      </Thread>
      <Thread>
        <Gender>external</Gender>
        <Class>4g6g</Class>
        <MajorDia>94.85</MajorDia>
        <PitchDia>93.9377</PitchDia>
        <MinorDia>93.1509</MinorDia>
      </Thread>
    </Designation>
 <Designation>
      <ThreadDesignation>M95x1.0</ThreadDesignation>
      <CTD>M95x1.0</CTD>
      <Pitch>1.0</Pitch>
      <Thread>
        <Gender>external</Gender>
        <Class>6g</Class>
        <MajorDia>94.794</MajorDia>
        <PitchDia>94.183</PitchDia>
        <MinorDia>93.567</MinorDia>
      </Thread>
      <Thread>
        <Gender>internal</Gender>
        <Class>6H</Class>
        <MajorDia>95.110</MajorDia>
        <PitchDia>94.350</PitchDia>
        <MinorDia>93.917</MinorDia>
        <TapDrill>93.5</TapDrill>
      </Thread>
      <Thread>
        <Gender>external</Gender>
        <Class>4g6g</Class>
        <MajorDia>94.974</MajorDia>
        <PitchDia>94.324</PitchDia>
        <MinorDia>93.882</MinorDia>
      </Thread>
    </Designation>
      <Designation>
      <ThreadDesignation>M95x0.75</ThreadDesignation>
      <CTD>M95x0.75</CTD>
      <Pitch>0.75</Pitch>
      <Thread>
        <Gender>external</Gender>
        <Class>6g</Class>
        <MajorDia>94.838</MajorDia>
        <PitchDia>94.364</PitchDia>
        <MinorDia>93.902</MinorDia>
      </Thread>
      <Thread>
        <Gender>internal</Gender>
        <Class>6H</Class>
        <MajorDia>95.050</MajorDia>
        <PitchDia>94.513</PitchDia>
        <MinorDia>94.188</MinorDia>
        <TapDrill>94.25</TapDrill>
      </Thread>
      <Thread>
        <Gender>external</Gender>
        <Class>4g6g</Class>
        <MajorDia>94.838</MajorDia>
        <PitchDia>94.411</PitchDia>
        <MinorDia>93.949</MinorDia>
      </Thread>
    </Designation>
  </ThreadSize>


<!-- M95.5 Camera Filter size for my variable ND FIlter https://amesweb.info/Screws/metric-thread-dimensions-calculator.aspx -->
  <ThreadSize>
    <Size>95.5</Size>
    <Designation>
      <ThreadDesignation>M95.5x0.75</ThreadDesignation>
      <CTD>M95.5x0.75</CTD>
      <Pitch>0.75</Pitch>
      <Thread>
        <Gender>external</Gender>
        <Class>6g</Class>
        <MajorDia>95.338</MajorDia>
        <PitchDia>94.864</PitchDia>
        <MinorDia>94.402</MinorDia>
      </Thread>
      <Thread>
        <Gender>internal</Gender>
        <Class>6H</Class>
        <MajorDia>95.620</MajorDia>
        <PitchDia>95.013</PitchDia>
        <MinorDia>94.688</MinorDia>
        <TapDrill>94.0</TapDrill>
      </Thread>
      <Thread>
        <Gender>external</Gender>
        <Class>4g6g</Class>
        <MajorDia>95.338</MajorDia>
        <PitchDia>94.911</PitchDia>
        <MinorDia>94.449</MinorDia>
      </Thread>
    </Designation>
  </ThreadSize>


<!-- M101.5 Camera Filter size for Century 3d print wide angle adapterhttps://amesweb.info/Screws/metric-thread-dimensions-calculator.aspx -->
  <ThreadSize>
    <Size>101.5</Size>
    <Designation>
      <ThreadDesignation>M101.5x0.75</ThreadDesignation>
      <CTD>M101.5x0.75</CTD>
      <Pitch>0.75</Pitch>
      <Thread>
        <Gender>external</Gender>
        <Class>6g</Class>
        <MajorDia>101.338</MajorDia>
        <PitchDia>100.864</PitchDia>
        <MinorDia>100.402</MinorDia>
      </Thread>
      <Thread>
        <Gender>internal</Gender>
        <Class>6H</Class>
        <MajorDia>101.62</MajorDia>
        <PitchDia>101.013</PitchDia>
        <MinorDia>100.688</MinorDia>
        <TapDrill>100.4</TapDrill>
      </Thread>
      <Thread>
        <Gender>external</Gender>
        <Class>4g6g</Class>
        <MajorDia>101.478</MajorDia>
        <PitchDia>100.991</PitchDia>
        <MinorDia>100.662</MinorDia>
      </Thread>
    </Designation>
  </ThreadSize>

<!-- M102 Camera Filter size -->
  <ThreadSize>
    <Size>102.0</Size>
    <Designation>
      <ThreadDesignation>M102x1.0</ThreadDesignation>
      <CTD>M102x1.0</CTD>
      <Pitch>1.0</Pitch>
      <Thread>
        <Gender>external</Gender>
        <Class>6g</Class>
        <MajorDia>101.594</MajorDia>
        <PitchDia>101.182</PitchDia>
        <MinorDia>100.466</MinorDia>
      </Thread>
      <Thread>
        <Gender>internal</Gender>
        <Class>6H</Class>
        <MajorDia>102.161</MajorDia>
        <PitchDia>101.350</PitchDia>
        <MinorDia>100.917</MinorDia>
        <TapDrill>99.7</TapDrill>
      </Thread>
      <Thread>
        <Gender>external</Gender>
        <Class>4g6g</Class>
        <MajorDia>101.774</MajorDia>
        <PitchDia>101.224</PitchDia>
        <MinorDia>100.682</MinorDia>
      </Thread>
    </Designation>
    <Designation>
      <ThreadDesignation>M102x0.75</ThreadDesignation>
      <CTD>M102x0.75</CTD>
      <Pitch>0.75</Pitch>
      <Thread>
        <Gender>external</Gender>
        <Class>6g</Class>
        <MajorDia>101.528</MajorDia>
        <PitchDia>101.263</PitchDia>
        <MinorDia>100.571</MinorDia>
      </Thread>
      <Thread>
        <Gender>internal</Gender>
        <Class>6H</Class>
        <MajorDia>102.061</MajorDia>
        <PitchDia>101.681</PitchDia>
        <MinorDia>101.378</MinorDia>
        <TapDrill>100.5</TapDrill>
      </Thread>
      <Thread>
        <Gender>external</Gender>
        <Class>4g6g</Class>
        <MajorDia>101.778</MajorDia>
        <PitchDia>101.391</PitchDia>
        <MinorDia>100.862</MinorDia>
      </Thread>
    </Designation>
  </ThreadSize>

<!--  M105 Camera Filter Thread -->
  <ThreadSize>
    <Size>105.0</Size>
    <Designation>
      <ThreadDesignation>M105x1</ThreadDesignation>
      <CTD>M105x1</CTD>
      <Pitch>1.0</Pitch>
      <Thread>
        <Gender>external</Gender>
        <Class>6g</Class>
        <MajorDia>104.794</MajorDia>
        <PitchDia>104.181</PitchDia>
        <MinorDia>103.565</MinorDia>
      </Thread>
      <Thread>
        <Gender>internal</Gender>
        <Class>6H</Class>
        <MajorDia>105.195</MajorDia>
        <PitchDia>104.350</PitchDia>
        <MinorDia>103.917</MinorDia>
        <TapDrill>103.0</TapDrill>
      </Thread>
      <Thread>
        <Gender>external</Gender>
        <Class>4g6g</Class>
        <MajorDia>104.794</MajorDia>
        <PitchDia>104.234</PitchDia>
        <MinorDia>103.618</MinorDia>
      </Thread>
    </Designation>
    <Designation>
      <ThreadDesignation>M105x0.75</ThreadDesignation>
      <CTD>M105x0.75</CTD>
      <Pitch>0.75</Pitch>
      <Thread>
        <Gender>external</Gender>
        <Class>6g</Class>
        <MajorDia>104.838</MajorDia>
        <PitchDia>104.363</PitchDia>
        <MinorDia>103.901</MinorDia>
      </Thread>
      <Thread>
        <Gender>internal</Gender>
        <Class>6H</Class>
        <MajorDia>105.1363</MajorDia>
        <PitchDia>104.513</PitchDia>
        <MinorDia>104.188</MinorDia>
        <TapDrill>103.5</TapDrill>
      </Thread>
      <Thread>
        <Gender>external</Gender>
        <Class>4g6g</Class>
        <MajorDia>104.838</MajorDia>
        <PitchDia>104.411</PitchDia>
        <MinorDia>103.949</MinorDia>
      </Thread>
    </Designation>
  </ThreadSize>

<!--  M112 Camera Filter Thread -->
  <ThreadSize>
    <Size>112.0</Size>
    <Designation>
      <ThreadDesignation>M112x1</ThreadDesignation>
      <CTD>M112x1</CTD>
      <Pitch>1.0</Pitch>
      <Thread>
        <Gender>external</Gender>
        <Class>6g</Class>
        <MajorDia>111.794</MajorDia>
        <PitchDia>111.180</PitchDia>
        <MinorDia>110.564</MinorDia>
      </Thread>
      <Thread>
        <Gender>internal</Gender>
        <Class>6H</Class>
        <MajorDia>112.124</MajorDia>
        <PitchDia>111.324</PitchDia>
        <MinorDia>110.891</MinorDia>
        <TapDrill>110.0</TapDrill>
      </Thread>
      <Thread>
        <Gender>external</Gender>
        <Class>4g6g</Class>
        <MajorDia>111.794</MajorDia>
        <PitchDia>111.233</PitchDia>
        <MinorDia>110.617</MinorDia>
      </Thread>
    </Designation>
    <Designation>
      <ThreadDesignation>M112x0.75</ThreadDesignation>
      <CTD>M112x0.75</CTD>
      <Pitch>0.75</Pitch>
      <Thread>
        <Gender>external</Gender>
        <Class>6g</Class>
        <MajorDia>111.838</MajorDia>
        <PitchDia>111.362</PitchDia>
        <MinorDia>110.900</MinorDia>
      </Thread>
      <Thread>
        <Gender>internal</Gender>
        <Class>6H</Class>
        <MajorDia>112.178</MajorDia>
        <PitchDia>111.513</PitchDia>
        <MinorDia>111.178</MinorDia>
        <TapDrill>110.0</TapDrill>
      </Thread>
      <Thread>
        <Gender>external</Gender>
        <Class>4g6g</Class>
        <MajorDia>111.838</MajorDia>
        <PitchDia>111.410</PitchDia>
        <MinorDia>110.948</MinorDia>
      </Thread>
    </Designation>
  </ThreadSize>

<!--  M122 Camera Filter Thread -->
  <ThreadSize>
    <Size>122.0</Size>
    <Designation>
      <ThreadDesignation>M122x1</ThreadDesignation>
      <CTD>M122x1</CTD>
      <Pitch>1.0</Pitch>
      <Thread>
        <Gender>external</Gender>
        <Class>6g</Class>
        <MajorDia>121.794</MajorDia>
        <PitchDia>121.179</PitchDia>
        <MinorDia>120.563</MinorDia>
      </Thread>
      <Thread>
        <Gender>internal</Gender>
        <Class>6H</Class>
        <MajorDia>122.154</MajorDia>
        <PitchDia>121.324</PitchDia>
        <MinorDia>120.891</MinorDia>
        <TapDrill>120.0</TapDrill>
      </Thread>
      <Thread>
        <Gender>external</Gender>
        <Class>4g6g</Class>
        <MajorDia>121.794</MajorDia>
        <PitchDia>121.232</PitchDia>
        <MinorDia>120.616</MinorDia>
      </Thread>
    </Designation>
    <Designation>
      <ThreadDesignation>M122x0.75</ThreadDesignation>
      <CTD>M122x0.75</CTD>
      <Pitch>0.75</Pitch>
      <Thread>
        <Gender>external</Gender>
        <Class>6g</Class>
        <MajorDia>121.838</MajorDia>
        <PitchDia>121.361</PitchDia>
        <MinorDia>120.899</MinorDia>
      </Thread>
      <Thread>
        <Gender>internal</Gender>
        <Class>6H</Class>
        <MajorDia>122.054</MajorDia>
        <PitchDia>121.491</PitchDia>
        <MinorDia>121.166</MinorDia>
        <TapDrill>120.0</TapDrill>
      </Thread>
      <Thread>
        <Gender>external</Gender>
        <Class>4g6g</Class>
        <MajorDia>121.838</MajorDia>
        <PitchDia>121.409</PitchDia>
        <MinorDia>120.947</MinorDia>
      </Thread>
    </Designation>
  </ThreadSize>

<!--  M127 Camera Filter Thread -->
  <ThreadSize>
    <Size>127.0</Size>
    <Designation>
      <ThreadDesignation>M127x1</ThreadDesignation>
      <CTD>M127x1</CTD>
      <Pitch>1.0</Pitch>
      <Thread>
        <Gender>external</Gender>
        <Class>6g</Class>
        <MajorDia>126.794</MajorDia>
        <PitchDia>126.178</PitchDia>
        <MinorDia>125.562</MinorDia>
      </Thread>
      <Thread>
        <Gender>internal</Gender>
        <Class>6H</Class>
        <MajorDia>127.102</MajorDia>
        <PitchDia>126.324</PitchDia>
        <MinorDia>125.891</MinorDia>
        <TapDrill>125.0</TapDrill>
      </Thread>
      <Thread>
        <Gender>external</Gender>
        <Class>4g6g</Class>
        <MajorDia>126.794</MajorDia>
        <PitchDia>126.232</PitchDia>
        <MinorDia>125.616</MinorDia>
      </Thread>
    </Designation>
    <Designation>
      <ThreadDesignation>M127x0.75</ThreadDesignation>
      <CTD>M127x0.75</CTD>
      <Pitch>0.75</Pitch>
      <Thread>
        <Gender>external</Gender>
        <Class>6g</Class>
        <MajorDia>126.838</MajorDia>
        <PitchDia>126.361</PitchDia>
        <MinorDia>125.899</MinorDia>
      </Thread>
      <Thread>
        <Gender>internal</Gender>
        <Class>6H</Class>
        <MajorDia>127.124</MajorDia>
        <PitchDia>126.513</PitchDia>
        <MinorDia>126.188</MinorDia>
        <TapDrill>125.5</TapDrill>
      </Thread>
      <Thread>
        <Gender>external</Gender>
        <Class>4g6g</Class>
        <MajorDia>126.838</MajorDia>
        <PitchDia>126.409</PitchDia>
        <MinorDia>125.947</MinorDia>
      </Thread>
    </Designation>
  </ThreadSize>

<!--  M138 Camera Filter Thread -->
  <ThreadSize>
    <Size>138.0</Size>
    <Designation>
      <ThreadDesignation>M138x1</ThreadDesignation>
      <CTD>M138x1</CTD>
      <Pitch>1.0</Pitch>
      <Thread>
        <Gender>external</Gender>
        <Class>6g</Class>
        <MajorDia>137.794</MajorDia>
        <PitchDia>137.177</PitchDia>
        <MinorDia>136.561</MinorDia>
      </Thread>
      <Thread>
        <Gender>internal</Gender>
        <Class>6H</Class>
        <MajorDia>138.164</MajorDia>
        <PitchDia>137.350</PitchDia>
        <MinorDia>136.887</MinorDia>
        <TapDrill>136.0</TapDrill>
      </Thread>
      <Thread>
        <Gender>external</Gender>
        <Class>4g6g</Class>
        <MajorDia>137.794</MajorDia>
        <PitchDia>137.231</PitchDia>
        <MinorDia>136.615</MinorDia>
      </Thread>
    </Designation>
    <Designation>
      <ThreadDesignation>M138x0.75</ThreadDesignation>
      <CTD>M138x0.75</CTD>
      <Pitch>0.75</Pitch>
      <Thread>
        <Gender>external</Gender>
        <Class>6g</Class>
        <MajorDia>137.838</MajorDia>
        <PitchDia>137.360</PitchDia>
        <MinorDia>136.898</MinorDia>
      </Thread>
      <Thread>
        <Gender>internal</Gender>
        <Class>6H</Class>
        <MajorDia>138.155</MajorDia>
        <PitchDia>137.513</PitchDia>
        <MinorDia>137.188</MinorDia>
        <TapDrill>136.5</TapDrill>
      </Thread>
      <Thread>
        <Gender>external</Gender>
        <Class>4g6g</Class>
        <MajorDia>137.838</MajorDia>
        <PitchDia>137.408</PitchDia>
        <MinorDia>136.946</MinorDia>
      </Thread>
    </Designation>
  </ThreadSize>
  </ThreadType>