<?xml version="1.0" ?>
<ThreadType>
	<Name>Imperial STI Threads</Name>
	<CustomName>Imperial STI Threads</CustomName>
	<Unit>in</Unit>
	<Angle>60</Angle>
	<SortOrder>1</SortOrder>
	<ThreadSize>
		<Size>.073</Size>
		<Designation>
			<ThreadDesignation>1-64</ThreadDesignation>
			<CTD>1-64</CTD>
			<TPI>64</TPI>
			<Thread>
				<Gender>internal</Gender>
				<Class>Aluminum 2B</Class>
				<MajorDia>0.0958</MajorDia>
				<PitchDia>0.085</PitchDia>
				<MinorDia>0.0794</MinorDia>
				<TapDrill>.0785</TapDrill>
			</Thread>
			<Thread>
				<Gender>internal</Gender>
				<Class>Aluminum 3B</Class>
				<MajorDia>0.0958</MajorDia>
				<PitchDia>0.0843</PitchDia>
				<MinorDia>0.0794</MinorDia>
				<TapDrill>.0785</TapDrill>
			</Thread>
			<Thread>
				<Gender>internal</Gender>
				<Class>Steel, Plastic 2B</Class>
				<MajorDia>0.0958</MajorDia>
				<PitchDia>0.085</PitchDia>
				<MinorDia>0.0794</MinorDia>
				<TapDrill>.0810</TapDrill>
			</Thread>
			<Thread>
				<Gender>internal</Gender>
				<Class>Steel, Plastic 3B</Class>
				<MajorDia>0.0958</MajorDia>
				<PitchDia>0.0843</PitchDia>
				<MinorDia>0.0794</MinorDia>
				<TapDrill>.0810</TapDrill>
			</Thread>
		</Designation>
	</ThreadSize>
	<ThreadSize>
		<Size>.086</Size>
		<Designation>
			<ThreadDesignation>2-56</ThreadDesignation>
			<CTD>2-56</CTD>
			<TPI>56</TPI>
			<Thread>
				<Gender>internal</Gender>
				<Class>Aluminum 2B</Class>
				<MajorDia>0.1117</MajorDia>
				<PitchDia>0.0996</PitchDia>
				<MinorDia>0.093</MinorDia>
				<TapDrill>.0938</TapDrill>
			</Thread>
			<Thread>
				<Gender>internal</Gender>
				<Class>Aluminum 3B</Class>
				<MajorDia>0.1117</MajorDia>
				<PitchDia>0.0989</PitchDia>
				<MinorDia>0.093</MinorDia>
				<TapDrill>.0938</TapDrill>
			</Thread>
			<Thread>
				<Gender>internal</Gender>
				<Class>Steel, Plastic 2B</Class>
				<MajorDia>0.1117</MajorDia>
				<PitchDia>0.0996</PitchDia>
				<MinorDia>0.093</MinorDia>
				<TapDrill>.0960</TapDrill>
			</Thread>
			<Thread>
				<Gender>internal</Gender>
				<Class>Steel, Plastic 3B</Class>
				<MajorDia>0.1117</MajorDia>
				<PitchDia>0.0989</PitchDia>
				<MinorDia>0.093</MinorDia>
				<TapDrill>.0960</TapDrill>
			</Thread>
		</Designation>
		<Designation>
			<ThreadDesignation>2-64</ThreadDesignation>
			<CTD>2-64</CTD>
			<TPI>64</TPI>
			<Thread>
				<Gender>internal</Gender>
				<Class>Aluminum 2B</Class>
				<MajorDia>0.1088</MajorDia>
				<PitchDia>0.0981</PitchDia>
				<MinorDia>0.092</MinorDia>
				<TapDrill>.0925</TapDrill>
			</Thread>
			<Thread>
				<Gender>internal</Gender>
				<Class>Aluminum 3B</Class>
				<MajorDia>0.1088</MajorDia>
				<PitchDia>0.0974</PitchDia>
				<MinorDia>0.092</MinorDia>
				<TapDrill>.0925</TapDrill>
			</Thread>
			<Thread>
				<Gender>internal</Gender>
				<Class>Steel, Plastic 2B</Class>
				<MajorDia>0.1088</MajorDia>
				<PitchDia>0.0981</PitchDia>
				<MinorDia>0.092</MinorDia>
				<TapDrill>.0925</TapDrill>
			</Thread>
			<Thread>
				<Gender>internal</Gender>
				<Class>Steel, Plastic 3B</Class>
				<MajorDia>0.1088</MajorDia>
				<PitchDia>0.0974</PitchDia>
				<MinorDia>0.092</MinorDia>
				<TapDrill>.0925</TapDrill>
			</Thread>
		</Designation>
	</ThreadSize>
	<ThreadSize>
		<Size>.099</Size>
		<Designation>
			<ThreadDesignation>3-48</ThreadDesignation>
			<CTD>3-48</CTD>
			<TPI>48</TPI>
			<Thread>
				<Gender>internal</Gender>
				<Class>Aluminum 2B</Class>
				<MajorDia>0.1289</MajorDia>
				<PitchDia>0.1148</PitchDia>
				<MinorDia>0.107</MinorDia>
				<TapDrill>.1065</TapDrill>
			</Thread>
			<Thread>
				<Gender>internal</Gender>
				<Class>Aluminum 3B</Class>
				<MajorDia>0.1289</MajorDia>
				<PitchDia>0.114</PitchDia>
				<MinorDia>0.107</MinorDia>
				<TapDrill>.1065</TapDrill>
			</Thread>
			<Thread>
				<Gender>internal</Gender>
				<Class>Steel, Plastic 2B</Class>
				<MajorDia>0.1289</MajorDia>
				<PitchDia>0.1148</PitchDia>
				<MinorDia>0.107</MinorDia>
				<TapDrill>.1094</TapDrill>
			</Thread>
			<Thread>
				<Gender>internal</Gender>
				<Class>Steel, Plastic 3B</Class>
				<MajorDia>0.1289</MajorDia>
				<PitchDia>0.114</PitchDia>
				<MinorDia>0.107</MinorDia>
				<TapDrill>.1094</TapDrill>
			</Thread>
		</Designation>
		<Designation>
			<ThreadDesignation>3-56</ThreadDesignation>
			<CTD>3-56</CTD>
			<TPI>56</TPI>
			<Thread>
				<Gender>internal</Gender>
				<Class>Aluminum 2B</Class>
				<MajorDia>0.1247</MajorDia>
				<PitchDia>0.1126</PitchDia>
				<MinorDia>0.1058</MinorDia>
				<TapDrill>.1040</TapDrill>
			</Thread>
			<Thread>
				<Gender>internal</Gender>
				<Class>Aluminum 3B</Class>
				<MajorDia>0.1247</MajorDia>
				<PitchDia>0.1119</PitchDia>
				<MinorDia>0.1058</MinorDia>
				<TapDrill>.1040</TapDrill>
			</Thread>
			<Thread>
				<Gender>internal</Gender>
				<Class>Steel, Plastic 2B</Class>
				<MajorDia>0.1247</MajorDia>
				<PitchDia>0.1126</PitchDia>
				<MinorDia>0.1058</MinorDia>
				<TapDrill>.1065</TapDrill>
			</Thread>
			<Thread>
				<Gender>internal</Gender>
				<Class>Steel, Plastic 3B</Class>
				<MajorDia>0.1247</MajorDia>
				<PitchDia>0.1119</PitchDia>
				<MinorDia>0.1058</MinorDia>
				<TapDrill>.1065</TapDrill>
			</Thread>
		</Designation>
	</ThreadSize>
	<ThreadSize>
		<Size>.112</Size>
		<Designation>
			<ThreadDesignation>4-40</ThreadDesignation>
			<CTD>4-40</CTD>
			<TPI>40</TPI>
			<Thread>
				<Gender>internal</Gender>
				<Class>Aluminum 2B</Class>
				<MajorDia>0.1473</MajorDia>
				<PitchDia>0.1308</PitchDia>
				<MinorDia>0.1214</MinorDia>
				<TapDrill>.1200</TapDrill>
			</Thread>
			<Thread>
				<Gender>internal</Gender>
				<Class>Aluminum 3B</Class>
				<MajorDia>0.1473</MajorDia>
				<PitchDia>0.1299</PitchDia>
				<MinorDia>0.1214</MinorDia>
				<TapDrill>.1200</TapDrill>
			</Thread>
			<Thread>
				<Gender>internal</Gender>
				<Class>Steel, Plastic 2B</Class>
				<MajorDia>0.1473</MajorDia>
				<PitchDia>0.1308</PitchDia>
				<MinorDia>0.1214</MinorDia>
				<TapDrill>.1200</TapDrill>
			</Thread>
			<Thread>
				<Gender>internal</Gender>
				<Class>Steel, Plastic 3B</Class>
				<MajorDia>0.1473</MajorDia>
				<PitchDia>0.1299</PitchDia>
				<MinorDia>0.1214</MinorDia>
				<TapDrill>.1200</TapDrill>
			</Thread>
		</Designation>
		<Designation>
			<ThreadDesignation>4-48</ThreadDesignation>
			<CTD>4-48</CTD>
			<TPI>48</TPI>
			<Thread>
				<Gender>internal</Gender>
				<Class>Aluminum 2B</Class>
				<MajorDia>0.1419</MajorDia>
				<PitchDia>0.1279</PitchDia>
				<MinorDia>0.1198</MinorDia>
				<TapDrill>.1181</TapDrill>
			</Thread>
			<Thread>
				<Gender>internal</Gender>
				<Class>Aluminum 3B</Class>
				<MajorDia>0.1419</MajorDia>
				<PitchDia>0.1271</PitchDia>
				<MinorDia>0.1198</MinorDia>
				<TapDrill>.1181</TapDrill>
			</Thread>
			<Thread>
				<Gender>internal</Gender>
				<Class>Steel, Plastic 2B</Class>
				<MajorDia>0.1419</MajorDia>
				<PitchDia>0.1279</PitchDia>
				<MinorDia>0.1198</MinorDia>
				<TapDrill>.1200</TapDrill>
			</Thread>
			<Thread>
				<Gender>internal</Gender>
				<Class>Steel, Plastic 3B</Class>
				<MajorDia>0.1419</MajorDia>
				<PitchDia>0.1271</PitchDia>
				<MinorDia>0.1198</MinorDia>
				<TapDrill>.1200</TapDrill>
			</Thread>
		</Designation>
	</ThreadSize>
	<ThreadSize>
		<Size>.125</Size>
		<Designation>
			<ThreadDesignation>5-40</ThreadDesignation>
			<CTD>5-40</CTD>
			<TPI>40</TPI>
			<Thread>
				<Gender>internal</Gender>
				<Class>Aluminum 2B</Class>
				<MajorDia>0.1603</MajorDia>
				<PitchDia>0.1438</PitchDia>
				<MinorDia>0.1339</MinorDia>
				<TapDrill>.1339</TapDrill>
			</Thread>
			<Thread>
				<Gender>internal</Gender>
				<Class>Aluminum 3B</Class>
				<MajorDia>0.1603</MajorDia>
				<PitchDia>0.143</PitchDia>
				<MinorDia>0.1339</MinorDia>
				<TapDrill>.1339</TapDrill>
			</Thread>
			<Thread>
				<Gender>internal</Gender>
				<Class>Steel, Plastic 2B</Class>
				<MajorDia>0.1603</MajorDia>
				<PitchDia>0.1438</PitchDia>
				<MinorDia>0.1339</MinorDia>
				<TapDrill>.1360</TapDrill>
			</Thread>
			<Thread>
				<Gender>internal</Gender>
				<Class>Steel, Plastic 3B</Class>
				<MajorDia>0.1603</MajorDia>
				<PitchDia>0.143</PitchDia>
				<MinorDia>0.1339</MinorDia>
				<TapDrill>.1360</TapDrill>
			</Thread>
		</Designation>
	</ThreadSize>
	<ThreadSize>
		<Size>.138</Size>
		<Designation>
			<ThreadDesignation>6-32</ThreadDesignation>
			<CTD>6-32</CTD>
			<TPI>32</TPI>
			<Thread>
				<Gender>internal</Gender>
				<Class>Aluminum 2B</Class>
				<MajorDia>0.1817</MajorDia>
				<PitchDia>0.1611</PitchDia>
				<MinorDia>0.1488</MinorDia>
				<TapDrill>.1470</TapDrill>
			</Thread>
			<Thread>
				<Gender>internal</Gender>
				<Class>Aluminum 3B</Class>
				<MajorDia>0.1817</MajorDia>
				<PitchDia>0.1601</PitchDia>
				<MinorDia>0.1488</MinorDia>
				<TapDrill>.1470</TapDrill>
			</Thread>
			<Thread>
				<Gender>internal</Gender>
				<Class>Steel, Plastic 2B</Class>
				<MajorDia>0.1817</MajorDia>
				<PitchDia>0.1611</PitchDia>
				<MinorDia>0.1488</MinorDia>
				<TapDrill>.1495</TapDrill>
			</Thread>
			<Thread>
				<Gender>internal</Gender>
				<Class>Steel, Plastic 3B</Class>
				<MajorDia>0.1817</MajorDia>
				<PitchDia>0.1601</PitchDia>
				<MinorDia>0.1488</MinorDia>
				<TapDrill>.1495</TapDrill>
			</Thread>
		</Designation>
		<Designation>
			<ThreadDesignation>6-40</ThreadDesignation>
			<CTD>6-40</CTD>
			<TPI>40</TPI>
			<Thread>
				<Gender>internal</Gender>
				<Class>Aluminum 2B</Class>
				<MajorDia>0.1733</MajorDia>
				<PitchDia>0.1569</PitchDia>
				<MinorDia>0.1469</MinorDia>
				<TapDrill>.1470</TapDrill>
			</Thread>
			<Thread>
				<Gender>internal</Gender>
				<Class>Aluminum 3B</Class>
				<MajorDia>0.1733</MajorDia>
				<PitchDia>0.156</PitchDia>
				<MinorDia>0.1469</MinorDia>
				<TapDrill>.1470</TapDrill>
			</Thread>
			<Thread>
				<Gender>internal</Gender>
				<Class>Steel, Plastic 2B</Class>
				<MajorDia>0.1733</MajorDia>
				<PitchDia>0.1569</PitchDia>
				<MinorDia>0.1469</MinorDia>
				<TapDrill>.1495</TapDrill>
			</Thread>
			<Thread>
				<Gender>internal</Gender>
				<Class>Steel, Plastic 3B</Class>
				<MajorDia>0.1733</MajorDia>
				<PitchDia>0.156</PitchDia>
				<MinorDia>0.1469</MinorDia>
				<TapDrill>.1495</TapDrill>
			</Thread>
		</Designation>
	</ThreadSize>
	<ThreadSize>
		<Size>.164</Size>
		<Designation>
			<ThreadDesignation>8-32</ThreadDesignation>
			<CTD>8-32</CTD>
			<TPI>32</TPI>
			<Thread>
				<Gender>internal</Gender>
				<Class>Aluminum 2B</Class>
				<MajorDia>0.2077</MajorDia>
				<PitchDia>0.1872</PitchDia>
				<MinorDia>0.1744</MinorDia>
				<TapDrill>.1730</TapDrill>
			</Thread>
			<Thread>
				<Gender>internal</Gender>
				<Class>Aluminum 3B</Class>
				<MajorDia>0.2077</MajorDia>
				<PitchDia>0.1862</PitchDia>
				<MinorDia>0.1744</MinorDia>
				<TapDrill>.1730</TapDrill>
			</Thread>
			<Thread>
				<Gender>internal</Gender>
				<Class>Steel, Plastic 2B</Class>
				<MajorDia>0.2077</MajorDia>
				<PitchDia>0.1872</PitchDia>
				<MinorDia>0.1744</MinorDia>
				<TapDrill>.1770</TapDrill>
			</Thread>
			<Thread>
				<Gender>internal</Gender>
				<Class>Steel, Plastic 3B</Class>
				<MajorDia>0.2077</MajorDia>
				<PitchDia>0.1862</PitchDia>
				<MinorDia>0.1744</MinorDia>
				<TapDrill>.1770</TapDrill>
			</Thread>
		</Designation>
		<Designation>
			<ThreadDesignation>8-36</ThreadDesignation>
			<CTD>8-36</CTD>
			<TPI>36</TPI>
			<Thread>
				<Gender>internal</Gender>
				<Class>Aluminum 2B</Class>
				<MajorDia>0.2032</MajorDia>
				<PitchDia>0.1849</PitchDia>
				<MinorDia>0.1736</MinorDia>
				<TapDrill>.1730</TapDrill>
			</Thread>
			<Thread>
				<Gender>internal</Gender>
				<Class>Aluminum 3B</Class>
				<MajorDia>0.2032</MajorDia>
				<PitchDia>0.184</PitchDia>
				<MinorDia>0.1736</MinorDia>
				<TapDrill>.1730</TapDrill>
			</Thread>
			<Thread>
				<Gender>internal</Gender>
				<Class>Steel, Plastic 2B</Class>
				<MajorDia>0.2032</MajorDia>
				<PitchDia>0.1849</PitchDia>
				<MinorDia>0.1736</MinorDia>
				<TapDrill>.1770</TapDrill>
			</Thread>
			<Thread>
				<Gender>internal</Gender>
				<Class>Steel, Plastic 3B</Class>
				<MajorDia>0.2032</MajorDia>
				<PitchDia>0.184</PitchDia>
				<MinorDia>0.1736</MinorDia>
				<TapDrill>.1770</TapDrill>
			</Thread>
		</Designation>
	</ThreadSize>
	<ThreadSize>
		<Size>.190</Size>
		<Designation>
			<ThreadDesignation>10-24</ThreadDesignation>
			<CTD>10-24</CTD>
			<TPI>24</TPI>
			<Thread>
				<Gender>internal</Gender>
				<Class>Aluminum 2B</Class>
				<MajorDia>0.2475</MajorDia>
				<PitchDia>0.2203</PitchDia>
				<MinorDia>0.2035</MinorDia>
				<TapDrill>.2031</TapDrill>
			</Thread>
			<Thread>
				<Gender>internal</Gender>
				<Class>Aluminum 3B</Class>
				<MajorDia>0.2475</MajorDia>
				<PitchDia>0.2192</PitchDia>
				<MinorDia>0.2035</MinorDia>
				<TapDrill>.2031</TapDrill>
			</Thread>
			<Thread>
				<Gender>internal</Gender>
				<Class>Steel, Plastic 2B</Class>
				<MajorDia>0.2475</MajorDia>
				<PitchDia>0.2203</PitchDia>
				<MinorDia>0.2035</MinorDia>
				<TapDrill>.2055</TapDrill>
			</Thread>
			<Thread>
				<Gender>internal</Gender>
				<Class>Steel, Plastic 3B</Class>
				<MajorDia>0.2475</MajorDia>
				<PitchDia>0.2192</PitchDia>
				<MinorDia>0.2035</MinorDia>
				<TapDrill>.2055</TapDrill>
			</Thread>
		</Designation>
		<Designation>
			<ThreadDesignation>10-32</ThreadDesignation>
			<CTD>10-32</CTD>
			<TPI>32</TPI>
			<Thread>
				<Gender>internal</Gender>
				<Class>Aluminum 2B</Class>
				<MajorDia>0.2337</MajorDia>
				<PitchDia>0.2133</PitchDia>
				<MinorDia>0.2005</MinorDia>
				<TapDrill>.2010</TapDrill>
			</Thread>
			<Thread>
				<Gender>internal</Gender>
				<Class>Aluminum 3B</Class>
				<MajorDia>0.2337</MajorDia>
				<PitchDia>0.2123</PitchDia>
				<MinorDia>0.2005</MinorDia>
				<TapDrill>.2010</TapDrill>
			</Thread>
			<Thread>
				<Gender>internal</Gender>
				<Class>Steel, Plastic 2B</Class>
				<MajorDia>0.2337</MajorDia>
				<PitchDia>0.2133</PitchDia>
				<MinorDia>0.2005</MinorDia>
				<TapDrill>.2031</TapDrill>
			</Thread>
			<Thread>
				<Gender>internal</Gender>
				<Class>Steel, Plastic 3B</Class>
				<MajorDia>0.2337</MajorDia>
				<PitchDia>0.2123</PitchDia>
				<MinorDia>0.2005</MinorDia>
				<TapDrill>.2031</TapDrill>
			</Thread>
		</Designation>
	</ThreadSize>
	<ThreadSize>
		<Size>.216</Size>
		<Designation>
			<ThreadDesignation>12-24</ThreadDesignation>
			<CTD>12-24</CTD>
			<TPI>24</TPI>
			<Thread>
				<Gender>internal</Gender>
				<Class>Aluminum 2B</Class>
				<MajorDia>0.2735</MajorDia>
				<PitchDia>0.2464</PitchDia>
				<MinorDia>0.2295</MinorDia>
				<TapDrill>.2280</TapDrill>
			</Thread>
			<Thread>
				<Gender>internal</Gender>
				<Class>Aluminum 3B</Class>
				<MajorDia>0.2735</MajorDia>
				<PitchDia>0.2453</PitchDia>
				<MinorDia>0.2295</MinorDia>
				<TapDrill>.2280</TapDrill>
			</Thread>
			<Thread>
				<Gender>internal</Gender>
				<Class>Steel, Plastic 2B</Class>
				<MajorDia>0.2735</MajorDia>
				<PitchDia>0.2464</PitchDia>
				<MinorDia>0.2295</MinorDia>
				<TapDrill>.2280</TapDrill>
			</Thread>
			<Thread>
				<Gender>internal</Gender>
				<Class>Steel, Plastic 3B</Class>
				<MajorDia>0.2735</MajorDia>
				<PitchDia>0.2453</PitchDia>
				<MinorDia>0.2295</MinorDia>
				<TapDrill>.2280</TapDrill>
			</Thread>
		</Designation>
	</ThreadSize>
	<ThreadSize>
		<Size>.2500</Size>
		<Designation>
			<ThreadDesignation>1/4-20</ThreadDesignation>
			<CTD>1/4-20</CTD>
			<TPI>20</TPI>
			<Thread>
				<Gender>internal</Gender>
				<Class>Aluminum 2B</Class>
				<MajorDia>0.3187</MajorDia>
				<PitchDia>0.2864</PitchDia>
				<MinorDia>0.2656</MinorDia>
				<TapDrill>.2660</TapDrill>
			</Thread>
			<Thread>
				<Gender>internal</Gender>
				<Class>Aluminum 3B</Class>
				<MajorDia>0.3187</MajorDia>
				<PitchDia>0.2851</PitchDia>
				<MinorDia>0.2656</MinorDia>
				<TapDrill>.2660</TapDrill>
			</Thread>
			<Thread>
				<Gender>internal</Gender>
				<Class>Steel, Plastic 2B</Class>
				<MajorDia>0.3187</MajorDia>
				<PitchDia>0.2864</PitchDia>
				<MinorDia>0.2656</MinorDia>
				<TapDrill>.2660</TapDrill>
			</Thread>
			<Thread>
				<Gender>internal</Gender>
				<Class>Steel, Plastic 3B</Class>
				<MajorDia>0.3187</MajorDia>
				<PitchDia>0.2851</PitchDia>
				<MinorDia>0.2656</MinorDia>
				<TapDrill>.2660</TapDrill>
			</Thread>
		</Designation>
		<Designation>
			<ThreadDesignation>1/4-28</ThreadDesignation>
			<CTD>1/4-28</CTD>
			<TPI>28</TPI>
			<Thread>
				<Gender>internal</Gender>
				<Class>Aluminum 2B</Class>
				<MajorDia>0.2995</MajorDia>
				<PitchDia>0.2765</PitchDia>
				<MinorDia>0.2612</MinorDia>
				<TapDrill>.2610</TapDrill>
			</Thread>
			<Thread>
				<Gender>internal</Gender>
				<Class>Aluminum 3B</Class>
				<MajorDia>0.2995</MajorDia>
				<PitchDia>0.2754</PitchDia>
				<MinorDia>0.2612</MinorDia>
				<TapDrill>.2610</TapDrill>
			</Thread>
			<Thread>
				<Gender>internal</Gender>
				<Class>Steel, Plastic 2B</Class>
				<MajorDia>0.2995</MajorDia>
				<PitchDia>0.2765</PitchDia>
				<MinorDia>0.2612</MinorDia>
				<TapDrill>.2638</TapDrill>
			</Thread>
			<Thread>
				<Gender>internal</Gender>
				<Class>Steel, Plastic 3B</Class>
				<MajorDia>0.2995</MajorDia>
				<PitchDia>0.2754</PitchDia>
				<MinorDia>0.2612</MinorDia>
				<TapDrill>.2638</TapDrill>
			</Thread>
		</Designation>
	</ThreadSize>
	<ThreadSize>
		<Size>.3125</Size>
		<Designation>
			<ThreadDesignation>5/16-18</ThreadDesignation>
			<CTD>5/16-18</CTD>
			<TPI>18</TPI>
			<Thread>
				<Gender>internal</Gender>
				<Class>Aluminum 2B</Class>
				<MajorDia>0.3884</MajorDia>
				<PitchDia>0.3529</PitchDia>
				<MinorDia>0.3294</MinorDia>
				<TapDrill>.3320</TapDrill>
			</Thread>
			<Thread>
				<Gender>internal</Gender>
				<Class>Aluminum 3B</Class>
				<MajorDia>0.3884</MajorDia>
				<PitchDia>0.3515</PitchDia>
				<MinorDia>0.3294</MinorDia>
				<TapDrill>.3320</TapDrill>
			</Thread>
			<Thread>
				<Gender>internal</Gender>
				<Class>Steel, Plastic 2B</Class>
				<MajorDia>0.3884</MajorDia>
				<PitchDia>0.3529</PitchDia>
				<MinorDia>0.3294</MinorDia>
				<TapDrill>.3320</TapDrill>
			</Thread>
			<Thread>
				<Gender>internal</Gender>
				<Class>Steel, Plastic 3B</Class>
				<MajorDia>0.3884</MajorDia>
				<PitchDia>0.3515</PitchDia>
				<MinorDia>0.3294</MinorDia>
				<TapDrill>.3320</TapDrill>
			</Thread>
		</Designation>
		<Designation>
			<ThreadDesignation>5/16-24</ThreadDesignation>
			<CTD>5/16-24</CTD>
			<TPI>24</TPI>
			<Thread>
				<Gender>internal</Gender>
				<Class>Aluminum 2B</Class>
				<MajorDia>0.37</MajorDia>
				<PitchDia>0.3433</PitchDia>
				<MinorDia>0.3252</MinorDia>
				<TapDrill>.3281</TapDrill>
			</Thread>
			<Thread>
				<Gender>internal</Gender>
				<Class>Aluminum 3B</Class>
				<MajorDia>0.37</MajorDia>
				<PitchDia>0.3421</PitchDia>
				<MinorDia>0.3252</MinorDia>
				<TapDrill>.3281</TapDrill>
			</Thread>
			<Thread>
				<Gender>internal</Gender>
				<Class>Steel, Plastic 2B</Class>
				<MajorDia>0.37</MajorDia>
				<PitchDia>0.3433</PitchDia>
				<MinorDia>0.3252</MinorDia>
				<TapDrill>.3281</TapDrill>
			</Thread>
			<Thread>
				<Gender>internal</Gender>
				<Class>Steel, Plastic 3B</Class>
				<MajorDia>0.37</MajorDia>
				<PitchDia>0.3421</PitchDia>
				<MinorDia>0.3252</MinorDia>
				<TapDrill>.3281</TapDrill>
			</Thread>
		</Designation>
	</ThreadSize>
	<ThreadSize>
		<Size>.3750</Size>
		<Designation>
			<ThreadDesignation>3/8-16</ThreadDesignation>
			<CTD>3/8-16</CTD>
			<TPI>16</TPI>
			<Thread>
				<Gender>internal</Gender>
				<Class>Aluminum 2B</Class>
				<MajorDia>0.4602</MajorDia>
				<PitchDia>0.4203</PitchDia>
				<MinorDia>0.3936</MinorDia>
				<TapDrill>.3970</TapDrill>
			</Thread>
			<Thread>
				<Gender>internal</Gender>
				<Class>Aluminum 3B</Class>
				<MajorDia>0.4602</MajorDia>
				<PitchDia>0.4189</PitchDia>
				<MinorDia>0.3936</MinorDia>
				<TapDrill>.3970</TapDrill>
			</Thread>
			<Thread>
				<Gender>internal</Gender>
				<Class>Steel, Plastic 2B</Class>
				<MajorDia>0.4602</MajorDia>
				<PitchDia>0.4203</PitchDia>
				<MinorDia>0.3936</MinorDia>
				<TapDrill>.3970</TapDrill>
			</Thread>
			<Thread>
				<Gender>internal</Gender>
				<Class>Steel, Plastic 3B</Class>
				<MajorDia>0.4602</MajorDia>
				<PitchDia>0.4189</PitchDia>
				<MinorDia>0.3936</MinorDia>
				<TapDrill>.3970</TapDrill>
			</Thread>
		</Designation>
		<Designation>
			<ThreadDesignation>3/8-24</ThreadDesignation>
			<CTD>3/8-24</CTD>
			<TPI>24</TPI>
			<Thread>
				<Gender>internal</Gender>
				<Class>Aluminum 2B</Class>
				<MajorDia>0.4325</MajorDia>
				<PitchDia>0.4059</PitchDia>
				<MinorDia>0.3875</MinorDia>
				<TapDrill>.3906</TapDrill>
			</Thread>
			<Thread>
				<Gender>internal</Gender>
				<Class>Aluminum 3B</Class>
				<MajorDia>0.4325</MajorDia>
				<PitchDia>0.4047</PitchDia>
				<MinorDia>0.3875</MinorDia>
				<TapDrill>.3906</TapDrill>
			</Thread>
			<Thread>
				<Gender>internal</Gender>
				<Class>Steel, Plastic 2B</Class>
				<MajorDia>0.4325</MajorDia>
				<PitchDia>0.4059</PitchDia>
				<MinorDia>0.3875</MinorDia>
				<TapDrill>.3906</TapDrill>
			</Thread>
			<Thread>
				<Gender>internal</Gender>
				<Class>Steel, Plastic 3B</Class>
				<MajorDia>0.4325</MajorDia>
				<PitchDia>0.4047</PitchDia>
				<MinorDia>0.3875</MinorDia>
				<TapDrill>.3906</TapDrill>
			</Thread>
		</Designation>
	</ThreadSize>
	<ThreadSize>
		<Size>.4375</Size>
		<Designation>
			<ThreadDesignation>7/16-14</ThreadDesignation>
			<CTD>7/16-14</CTD>
			<TPI>14</TPI>
			<Thread>
				<Gender>internal</Gender>
				<Class>Aluminum 2B</Class>
				<MajorDia>0.5343</MajorDia>
				<PitchDia>0.489</PitchDia>
				<MinorDia>0.4584</MinorDia>
				<TapDrill>.4531</TapDrill>
			</Thread>
			<Thread>
				<Gender>internal</Gender>
				<Class>Aluminum 3B</Class>
				<MajorDia>0.5343</MajorDia>
				<PitchDia>0.4875</PitchDia>
				<MinorDia>0.4584</MinorDia>
				<TapDrill>.4531</TapDrill>
			</Thread>
			<Thread>
				<Gender>internal</Gender>
				<Class>Steel, Plastic 2B</Class>
				<MajorDia>0.5343</MajorDia>
				<PitchDia>0.489</PitchDia>
				<MinorDia>0.4584</MinorDia>
				<TapDrill>.4531</TapDrill>
			</Thread>
			<Thread>
				<Gender>internal</Gender>
				<Class>Steel, Plastic 3B</Class>
				<MajorDia>0.5343</MajorDia>
				<PitchDia>0.4875</PitchDia>
				<MinorDia>0.4584</MinorDia>
				<TapDrill>.4531</TapDrill>
			</Thread>
		</Designation>
		<Designation>
			<ThreadDesignation>7/16-20</ThreadDesignation>
			<CTD>7/16-20</CTD>
			<TPI>20</TPI>
			<Thread>
				<Gender>internal</Gender>
				<Class>Aluminum 2B</Class>
				<MajorDia>0.5062</MajorDia>
				<PitchDia>0.4744</PitchDia>
				<MinorDia>0.4522</MinorDia>
				<TapDrill>.4531</TapDrill>
			</Thread>
			<Thread>
				<Gender>internal</Gender>
				<Class>Aluminum 3B</Class>
				<MajorDia>0.5062</MajorDia>
				<PitchDia>0.4731</PitchDia>
				<MinorDia>0.4522</MinorDia>
				<TapDrill>.4531</TapDrill>
			</Thread>
			<Thread>
				<Gender>internal</Gender>
				<Class>Steel, Plastic 2B</Class>
				<MajorDia>0.5062</MajorDia>
				<PitchDia>0.4744</PitchDia>
				<MinorDia>0.4522</MinorDia>
				<TapDrill>.4531</TapDrill>
			</Thread>
			<Thread>
				<Gender>internal</Gender>
				<Class>Steel, Plastic 3B</Class>
				<MajorDia>0.5062</MajorDia>
				<PitchDia>0.4731</PitchDia>
				<MinorDia>0.4522</MinorDia>
				<TapDrill>.4531</TapDrill>
			</Thread>
		</Designation>
	</ThreadSize>
	<ThreadSize>
		<Size>.5000</Size>
		<Designation>
			<ThreadDesignation>1/2-13</ThreadDesignation>
			<CTD>1/2-13</CTD>
			<TPI>13</TPI>
			<Thread>
				<Gender>internal</Gender>
				<Class>Aluminum 2B</Class>
				<MajorDia>0.6042</MajorDia>
				<PitchDia>0.5554</PitchDia>
				<MinorDia>0.5219</MinorDia>
				<TapDrill>.5156</TapDrill>
			</Thread>
			<Thread>
				<Gender>internal</Gender>
				<Class>Aluminum 3B</Class>
				<MajorDia>0.6042</MajorDia>
				<PitchDia>0.5537</PitchDia>
				<MinorDia>0.5219</MinorDia>
				<TapDrill>.5156</TapDrill>
			</Thread>
			<Thread>
				<Gender>internal</Gender>
				<Class>Steel, Plastic 2B</Class>
				<MajorDia>0.6042</MajorDia>
				<PitchDia>0.5554</PitchDia>
				<MinorDia>0.5219</MinorDia>
				<TapDrill>.5312</TapDrill>
			</Thread>
			<Thread>
				<Gender>internal</Gender>
				<Class>Steel, Plastic 3B</Class>
				<MajorDia>0.6042</MajorDia>
				<PitchDia>0.5537</PitchDia>
				<MinorDia>0.5219</MinorDia>
				<TapDrill>.5312</TapDrill>
			</Thread>
		</Designation>
		<Designation>
			<ThreadDesignation>1/2-20</ThreadDesignation>
			<CTD>1/2-20</CTD>
			<TPI>20</TPI>
			<Thread>
				<Gender>internal</Gender>
				<Class>Aluminum 2B</Class>
				<MajorDia>0.5687</MajorDia>
				<PitchDia>0.5371</PitchDia>
				<MinorDia>0.5147</MinorDia>
				<TapDrill>.5156</TapDrill>
			</Thread>
			<Thread>
				<Gender>internal</Gender>
				<Class>Aluminum 3B</Class>
				<MajorDia>0.5687</MajorDia>
				<PitchDia>0.5357</PitchDia>
				<MinorDia>0.5147</MinorDia>
				<TapDrill>.5156</TapDrill>
			</Thread>
			<Thread>
				<Gender>internal</Gender>
				<Class>Steel, Plastic 2B</Class>
				<MajorDia>0.5687</MajorDia>
				<PitchDia>0.5371</PitchDia>
				<MinorDia>0.5147</MinorDia>
				<TapDrill>.5156</TapDrill>
			</Thread>
			<Thread>
				<Gender>internal</Gender>
				<Class>Steel, Plastic 3B</Class>
				<MajorDia>0.5687</MajorDia>
				<PitchDia>0.5357</PitchDia>
				<MinorDia>0.5147</MinorDia>
				<TapDrill>.5156</TapDrill>
			</Thread>
		</Designation>
	</ThreadSize>
	<ThreadSize>
		<Size>.5625</Size>
		<Designation>
			<ThreadDesignation>9/16-12</ThreadDesignation>
			<CTD>9/16-12</CTD>
			<TPI>12</TPI>
			<Thread>
				<Gender>internal</Gender>
				<Class>Aluminum 2B</Class>
				<MajorDia>0.6751</MajorDia>
				<PitchDia>0.6225</PitchDia>
				<MinorDia>0.5862</MinorDia>
				<TapDrill>.5781</TapDrill>
			</Thread>
			<Thread>
				<Gender>internal</Gender>
				<Class>Aluminum 3B</Class>
				<MajorDia>0.6751</MajorDia>
				<PitchDia>0.6208</PitchDia>
				<MinorDia>0.5862</MinorDia>
				<TapDrill>.5781</TapDrill>
			</Thread>
			<Thread>
				<Gender>internal</Gender>
				<Class>Steel, Plastic 2B</Class>
				<MajorDia>0.6751</MajorDia>
				<PitchDia>0.6225</PitchDia>
				<MinorDia>0.5862</MinorDia>
				<TapDrill>.5938</TapDrill>
			</Thread>
			<Thread>
				<Gender>internal</Gender>
				<Class>Steel, Plastic 3B</Class>
				<MajorDia>0.6751</MajorDia>
				<PitchDia>0.6208</PitchDia>
				<MinorDia>0.5862</MinorDia>
				<TapDrill>.5938</TapDrill>
			</Thread>
		</Designation>
		<Designation>
			<ThreadDesignation>9/16-18</ThreadDesignation>
			<CTD>9/16-18</CTD>
			<TPI>18</TPI>
			<Thread>
				<Gender>internal</Gender>
				<Class>Aluminum 2B</Class>
				<MajorDia>0.6384</MajorDia>
				<PitchDia>0.6035</PitchDia>
				<MinorDia>0.5786</MinorDia>
				<TapDrill>.5781</TapDrill>
			</Thread>
			<Thread>
				<Gender>internal</Gender>
				<Class>Aluminum 3B</Class>
				<MajorDia>0.6384</MajorDia>
				<PitchDia>0.602</PitchDia>
				<MinorDia>0.5786</MinorDia>
				<TapDrill>.5781</TapDrill>
			</Thread>
			<Thread>
				<Gender>internal</Gender>
				<Class>Steel, Plastic 2B</Class>
				<MajorDia>0.6384</MajorDia>
				<PitchDia>0.6035</PitchDia>
				<MinorDia>0.5786</MinorDia>
				<TapDrill>.5781</TapDrill>
			</Thread>
			<Thread>
				<Gender>internal</Gender>
				<Class>Steel, Plastic 3B</Class>
				<MajorDia>0.6384</MajorDia>
				<PitchDia>0.602</PitchDia>
				<MinorDia>0.5786</MinorDia>
				<TapDrill>.5781</TapDrill>
			</Thread>
		</Designation>
	</ThreadSize>
	<ThreadSize>
		<Size>.65250</Size>
		<Designation>
			<ThreadDesignation>5/8-11</ThreadDesignation>
			<CTD>5/8-11</CTD>
			<TPI>11</TPI>
			<Thread>
				<Gender>internal</Gender>
				<Class>Aluminum 2B</Class>
				<MajorDia>0.7477</MajorDia>
				<PitchDia>0.6903</PitchDia>
				<MinorDia>0.6506</MinorDia>
				<TapDrill>.6562</TapDrill>
			</Thread>
			<Thread>
				<Gender>internal</Gender>
				<Class>Aluminum 3B</Class>
				<MajorDia>0.7477</MajorDia>
				<PitchDia>0.6885</PitchDia>
				<MinorDia>0.6506</MinorDia>
				<TapDrill>.6562</TapDrill>
			</Thread>
			<Thread>
				<Gender>internal</Gender>
				<Class>Steel, Plastic 2B</Class>
				<MajorDia>0.7477</MajorDia>
				<PitchDia>0.6903</PitchDia>
				<MinorDia>0.6506</MinorDia>
				<TapDrill>.6562</TapDrill>
			</Thread>
			<Thread>
				<Gender>internal</Gender>
				<Class>Steel, Plastic 3B</Class>
				<MajorDia>0.7477</MajorDia>
				<PitchDia>0.6885</PitchDia>
				<MinorDia>0.6506</MinorDia>
				<TapDrill>.6562</TapDrill>
			</Thread>
		</Designation>
	</ThreadSize>
	<ThreadSize>
		<Size>.7500</Size>
		<Designation>
			<ThreadDesignation>3/4-10</ThreadDesignation>
			<CTD>3/4-10</CTD>
			<TPI>10</TPI>
			<Thread>
				<Gender>internal</Gender>
				<Class>Aluminum 2B</Class>
				<MajorDia>0.885</MajorDia>
				<PitchDia>0.8216</PitchDia>
				<MinorDia>0.7777</MinorDia>
				<TapDrill>.7812</TapDrill>
			</Thread>
			<Thread>
				<Gender>internal</Gender>
				<Class>Aluminum 3B</Class>
				<MajorDia>0.885</MajorDia>
				<PitchDia>0.8196</PitchDia>
				<MinorDia>0.7777</MinorDia>
				<TapDrill>.7812</TapDrill>
			</Thread>
			<Thread>
				<Gender>internal</Gender>
				<Class>Steel, Plastic 2B</Class>
				<MajorDia>0.885</MajorDia>
				<PitchDia>0.8216</PitchDia>
				<MinorDia>0.7777</MinorDia>
				<TapDrill>.7812</TapDrill>
			</Thread>
			<Thread>
				<Gender>internal</Gender>
				<Class>Steel, Plastic 3B</Class>
				<MajorDia>0.885</MajorDia>
				<PitchDia>0.8196</PitchDia>
				<MinorDia>0.7777</MinorDia>
				<TapDrill>.7812</TapDrill>
			</Thread>
		</Designation>
		<Designation>
			<ThreadDesignation>3/4-16</ThreadDesignation>
			<CTD>3/4-16</CTD>
			<TPI>16</TPI>
			<Thread>
				<Gender>internal</Gender>
				<Class>Aluminum 2B</Class>
				<MajorDia>0.8352</MajorDia>
				<PitchDia>0.7961</PitchDia>
				<MinorDia>0.7677</MinorDia>
				<TapDrill>.7656</TapDrill>
			</Thread>
			<Thread>
				<Gender>internal</Gender>
				<Class>Aluminum 3B</Class>
				<MajorDia>0.8352</MajorDia>
				<PitchDia>0.7945</PitchDia>
				<MinorDia>0.7677</MinorDia>
				<TapDrill>.7656</TapDrill>
			</Thread>
			<Thread>
				<Gender>internal</Gender>
				<Class>Steel, Plastic 2B</Class>
				<MajorDia>0.8352</MajorDia>
				<PitchDia>0.7961</PitchDia>
				<MinorDia>0.7677</MinorDia>
				<TapDrill>.7656</TapDrill>
			</Thread>
			<Thread>
				<Gender>internal</Gender>
				<Class>Steel, Plastic 3B</Class>
				<MajorDia>0.8352</MajorDia>
				<PitchDia>0.7945</PitchDia>
				<MinorDia>0.7677</MinorDia>
				<TapDrill>.7656</TapDrill>
			</Thread>
		</Designation>
	</ThreadSize>
	<ThreadSize>
		<Size>.8750</Size>
		<Designation>
			<ThreadDesignation>7/8-9</ThreadDesignation>
			<CTD>7/8-9</CTD>
			<TPI>9</TPI>
			<Thread>
				<Gender>internal</Gender>
				<Class>Aluminum 2B</Class>
				<MajorDia>1.0247</MajorDia>
				<PitchDia>0.9543</PitchDia>
				<MinorDia>0.9054</MinorDia>
				<TapDrill>.9062</TapDrill>
			</Thread>
			<Thread>
				<Gender>internal</Gender>
				<Class>Aluminum 3B</Class>
				<MajorDia>1.0247</MajorDia>
				<PitchDia>0.9522</PitchDia>
				<MinorDia>0.9054</MinorDia>
				<TapDrill>.9062</TapDrill>
			</Thread>
			<Thread>
				<Gender>internal</Gender>
				<Class>Steel, Plastic 2B</Class>
				<MajorDia>1.0247</MajorDia>
				<PitchDia>0.9543</PitchDia>
				<MinorDia>0.9054</MinorDia>
				<TapDrill>.9062</TapDrill>
			</Thread>
			<Thread>
				<Gender>internal</Gender>
				<Class>Steel, Plastic 3B</Class>
				<MajorDia>1.0247</MajorDia>
				<PitchDia>0.9522</PitchDia>
				<MinorDia>0.9054</MinorDia>
				<TapDrill>.9062</TapDrill>
			</Thread>
		</Designation>
		<Designation>
			<ThreadDesignation>7/8-14</ThreadDesignation>
			<CTD>7/8-14</CTD>
			<TPI>14</TPI>
			<Thread>
				<Gender>internal</Gender>
				<Class>Aluminum 2B</Class>
				<MajorDia>0.9718</MajorDia>
				<PitchDia>0.9274</PitchDia>
				<MinorDia>0.895</MinorDia>
				<TapDrill>.8906</TapDrill>
			</Thread>
			<Thread>
				<Gender>internal</Gender>
				<Class>Aluminum 3B</Class>
				<MajorDia>0.9718</MajorDia>
				<PitchDia>0.9257</PitchDia>
				<MinorDia>0.895</MinorDia>
				<TapDrill>.8906</TapDrill>
			</Thread>
			<Thread>
				<Gender>internal</Gender>
				<Class>Steel, Plastic 2B</Class>
				<MajorDia>0.9718</MajorDia>
				<PitchDia>0.9274</PitchDia>
				<MinorDia>0.895</MinorDia>
				<TapDrill>.8906</TapDrill>
			</Thread>
			<Thread>
				<Gender>internal</Gender>
				<Class>Steel, Plastic 3B</Class>
				<MajorDia>0.9718</MajorDia>
				<PitchDia>0.9257</PitchDia>
				<MinorDia>0.895</MinorDia>
				<TapDrill>.8906</TapDrill>
			</Thread>
		</Designation>
	</ThreadSize>
	<ThreadSize>
		<Size>1.000</Size>
		<Designation>
			<ThreadDesignation>1-8</ThreadDesignation>
			<CTD>1-8</CTD>
			<TPI>8</TPI>
			<Thread>
				<Gender>internal</Gender>
				<Class>Aluminum 2B</Class>
				<MajorDia>1.1681</MajorDia>
				<PitchDia>1.089</PitchDia>
				<MinorDia>1.0346</MinorDia>
				<TapDrill>1.0312</TapDrill>
			</Thread>
			<Thread>
				<Gender>internal</Gender>
				<Class>Aluminum 3B</Class>
				<MajorDia>1.1681</MajorDia>
				<PitchDia>1.0868</PitchDia>
				<MinorDia>1.0346</MinorDia>
				<TapDrill>1.0312</TapDrill>
			</Thread>
			<Thread>
				<Gender>internal</Gender>
				<Class>Steel, Plastic 2B</Class>
				<MajorDia>1.1681</MajorDia>
				<PitchDia>1.089</PitchDia>
				<MinorDia>1.0346</MinorDia>
				<TapDrill>1.0312</TapDrill>
			</Thread>
			<Thread>
				<Gender>internal</Gender>
				<Class>Steel, Plastic 3B</Class>
				<MajorDia>1.1681</MajorDia>
				<PitchDia>1.0868</PitchDia>
				<MinorDia>1.0346</MinorDia>
				<TapDrill>1.0312</TapDrill>
			</Thread>
		</Designation>
		<Designation>
			<ThreadDesignation>1-14</ThreadDesignation>
			<CTD>1-14</CTD>
			<TPI>14</TPI>
			<Thread>
				<Gender>internal</Gender>
				<Class>Aluminum 2B</Class>
				<MajorDia>1.0968</MajorDia>
				<PitchDia>1.0527</PitchDia>
				<MinorDia>1.0199</MinorDia>
				<TapDrill>1.0156</TapDrill>
			</Thread>
			<Thread>
				<Gender>internal</Gender>
				<Class>Aluminum 3B</Class>
				<MajorDia>1.0968</MajorDia>
				<PitchDia>1.0508</PitchDia>
				<MinorDia>1.0199</MinorDia>
				<TapDrill>1.0156</TapDrill>
			</Thread>
			<Thread>
				<Gender>internal</Gender>
				<Class>Steel, Plastic 2B</Class>
				<MajorDia>1.0968</MajorDia>
				<PitchDia>1.0527</PitchDia>
				<MinorDia>1.0199</MinorDia>
				<TapDrill>1.0312</TapDrill>
			</Thread>
			<Thread>
				<Gender>internal</Gender>
				<Class>Steel, Plastic 3B</Class>
				<MajorDia>1.0968</MajorDia>
				<PitchDia>1.0508</PitchDia>
				<MinorDia>1.0199</MinorDia>
				<TapDrill>1.0312</TapDrill>
			</Thread>
		</Designation>
		<Designation>
			<ThreadDesignation>1-12</ThreadDesignation>
			<CTD>1-12</CTD>
			<TPI>12</TPI>
			<Thread>
				<Gender>internal</Gender>
				<Class>Aluminum 2B</Class>
				<MajorDia>1.1126</MajorDia>
				<PitchDia>1.0608</PitchDia>
				<MinorDia>1.0231</MinorDia>
				<TapDrill>1.0156</TapDrill>
			</Thread>
			<Thread>
				<Gender>internal</Gender>
				<Class>Aluminum 3B</Class>
				<MajorDia>1.1126</MajorDia>
				<PitchDia>1.0589</PitchDia>
				<MinorDia>1.0231</MinorDia>
				<TapDrill>1.0156</TapDrill>
			</Thread>
			<Thread>
				<Gender>internal</Gender>
				<Class>Steel, Plastic 2B</Class>
				<MajorDia>1.1126</MajorDia>
				<PitchDia>1.0608</PitchDia>
				<MinorDia>1.0231</MinorDia>
				<TapDrill>1.0312</TapDrill>
			</Thread>
			<Thread>
				<Gender>internal</Gender>
				<Class>Steel, Plastic 3B</Class>
				<MajorDia>1.1126</MajorDia>
				<PitchDia>1.0589</PitchDia>
				<MinorDia>1.0231</MinorDia>
				<TapDrill>1.0312</TapDrill>
			</Thread>
		</Designation>
	</ThreadSize>
	<ThreadSize>
		<Size>1.1250</Size>
		<Designation>
			<ThreadDesignation>1-1/8-7</ThreadDesignation>
			<CTD>1-1/8-7</CTD>
			<TPI>7</TPI>
			<Thread>
				<Gender>internal</Gender>
				<Class>Aluminum 2B</Class>
				<MajorDia>1.3171</MajorDia>
				<PitchDia>1.2262</PitchDia>
				<MinorDia>1.1644</MinorDia>
				<TapDrill>1.1719</TapDrill>
			</Thread>
			<Thread>
				<Gender>internal</Gender>
				<Class>Aluminum 3B</Class>
				<MajorDia>1.3171</MajorDia>
				<PitchDia>1.2239</PitchDia>
				<MinorDia>1.1644</MinorDia>
				<TapDrill>1.1719</TapDrill>
			</Thread>
			<Thread>
				<Gender>internal</Gender>
				<Class>Steel, Plastic 2B</Class>
				<MajorDia>1.3171</MajorDia>
				<PitchDia>1.2262</PitchDia>
				<MinorDia>1.1644</MinorDia>
				<TapDrill>1.1719</TapDrill>
			</Thread>
			<Thread>
				<Gender>internal</Gender>
				<Class>Steel, Plastic 3B</Class>
				<MajorDia>1.3171</MajorDia>
				<PitchDia>1.2239</PitchDia>
				<MinorDia>1.1644</MinorDia>
				<TapDrill>1.1719</TapDrill>
			</Thread>
		</Designation>
		<Designation>
			<ThreadDesignation>1-1/8-12</ThreadDesignation>
			<CTD>1-1/8-12</CTD>
			<TPI>12</TPI>
			<Thread>
				<Gender>internal</Gender>
				<Class>Aluminum 2B</Class>
				<MajorDia>1.2376</MajorDia>
				<PitchDia>1.186</PitchDia>
				<MinorDia>1.1481</MinorDia>
				<TapDrill>1.1406</TapDrill>
			</Thread>
			<Thread>
				<Gender>internal</Gender>
				<Class>Aluminum 3B</Class>
				<MajorDia>1.2376</MajorDia>
				<PitchDia>1.1841</PitchDia>
				<MinorDia>1.1481</MinorDia>
				<TapDrill>1.1406</TapDrill>
			</Thread>
			<Thread>
				<Gender>internal</Gender>
				<Class>Steel, Plastic 2B</Class>
				<MajorDia>1.2376</MajorDia>
				<PitchDia>1.186</PitchDia>
				<MinorDia>1.1481</MinorDia>
				<TapDrill>1.1562</TapDrill>
			</Thread>
			<Thread>
				<Gender>internal</Gender>
				<Class>Steel, Plastic 3B</Class>
				<MajorDia>1.2376</MajorDia>
				<PitchDia>1.1841</PitchDia>
				<MinorDia>1.1481</MinorDia>
				<TapDrill>1.1562</TapDrill>
			</Thread>
		</Designation>
	</ThreadSize>
	<ThreadSize>
		<Size>1.2500</Size>
		<Designation>
			<ThreadDesignation>1-1/4-7</ThreadDesignation>
			<CTD>1-1/4-7</CTD>
			<TPI>7</TPI>
			<Thread>
				<Gender>internal</Gender>
				<Class>Aluminum 2B</Class>
				<MajorDia>1.4421</MajorDia>
				<PitchDia>1.3514</PitchDia>
				<MinorDia>1.2894</MinorDia>
				<TapDrill>1.2969</TapDrill>
			</Thread>
			<Thread>
				<Gender>internal</Gender>
				<Class>Aluminum 3B</Class>
				<MajorDia>1.4421</MajorDia>
				<PitchDia>1.349</PitchDia>
				<MinorDia>1.2894</MinorDia>
				<TapDrill>1.2969</TapDrill>
			</Thread>
			<Thread>
				<Gender>internal</Gender>
				<Class>Steel, Plastic 2B</Class>
				<MajorDia>1.4421</MajorDia>
				<PitchDia>1.3514</PitchDia>
				<MinorDia>1.2894</MinorDia>
				<TapDrill>1.2969</TapDrill>
			</Thread>
			<Thread>
				<Gender>internal</Gender>
				<Class>Steel, Plastic 3B</Class>
				<MajorDia>1.4421</MajorDia>
				<PitchDia>1.349</PitchDia>
				<MinorDia>1.2894</MinorDia>
				<TapDrill>1.2969</TapDrill>
			</Thread>
		</Designation>
		<Designation>
			<ThreadDesignation>1-1/4-12</ThreadDesignation>
			<CTD>1-1/4-12</CTD>
			<TPI>12</TPI>
			<Thread>
				<Gender>internal</Gender>
				<Class>Aluminum 2B</Class>
				<MajorDia>1.3626</MajorDia>
				<PitchDia>1.3112</PitchDia>
				<MinorDia>1.2731</MinorDia>
				<TapDrill>1.2656</TapDrill>
			</Thread>
			<Thread>
				<Gender>internal</Gender>
				<Class>Aluminum 3B</Class>
				<MajorDia>1.3626</MajorDia>
				<PitchDia>1.3092</PitchDia>
				<MinorDia>1.2731</MinorDia>
				<TapDrill>1.2656</TapDrill>
			</Thread>
			<Thread>
				<Gender>internal</Gender>
				<Class>Steel, Plastic 2B</Class>
				<MajorDia>1.3626</MajorDia>
				<PitchDia>1.3112</PitchDia>
				<MinorDia>1.2731</MinorDia>
				<TapDrill>1.2812</TapDrill>
			</Thread>
			<Thread>
				<Gender>internal</Gender>
				<Class>Steel, Plastic 3B</Class>
				<MajorDia>1.3626</MajorDia>
				<PitchDia>1.3092</PitchDia>
				<MinorDia>1.2731</MinorDia>
				<TapDrill>1.2812</TapDrill>
			</Thread>
		</Designation>
	</ThreadSize>
	<ThreadSize>
		<Size>1.3750</Size>
		<Designation>
			<ThreadDesignation>1-3/8-6</ThreadDesignation>
			<CTD>1-3/8-6</CTD>
			<TPI>6</TPI>
			<Thread>
				<Gender>internal</Gender>
				<Class>Aluminum 2B</Class>
				<MajorDia>1.5982</MajorDia>
				<PitchDia>1.4926</PitchDia>
				<MinorDia>1.421</MinorDia>
				<TapDrill>1.4219</TapDrill>
			</Thread>
			<Thread>
				<Gender>internal</Gender>
				<Class>Aluminum 3B</Class>
				<MajorDia>1.5982</MajorDia>
				<PitchDia>1.49</PitchDia>
				<MinorDia>1.421</MinorDia>
				<TapDrill>1.4219</TapDrill>
			</Thread>
			<Thread>
				<Gender>internal</Gender>
				<Class>Steel, Plastic 2B</Class>
				<MajorDia>1.5982</MajorDia>
				<PitchDia>1.4926</PitchDia>
				<MinorDia>1.421</MinorDia>
				<TapDrill>1.4219</TapDrill>
			</Thread>
			<Thread>
				<Gender>internal</Gender>
				<Class>Steel, Plastic 3B</Class>
				<MajorDia>1.5982</MajorDia>
				<PitchDia>1.49</PitchDia>
				<MinorDia>1.421</MinorDia>
				<TapDrill>1.4219</TapDrill>
			</Thread>
		</Designation>
		<Designation>
			<ThreadDesignation>1-3/8-12</ThreadDesignation>
			<CTD>1-3/8-12</CTD>
			<TPI>12</TPI>
			<Thread>
				<Gender>internal</Gender>
				<Class>Aluminum 2B</Class>
				<MajorDia>1.4876</MajorDia>
				<PitchDia>1.4364</PitchDia>
				<MinorDia>1.3981</MinorDia>
				<TapDrill>1.3906</TapDrill>
			</Thread>
			<Thread>
				<Gender>internal</Gender>
				<Class>Aluminum 3B</Class>
				<MajorDia>1.4876</MajorDia>
				<PitchDia>1.4343</PitchDia>
				<MinorDia>1.3981</MinorDia>
				<TapDrill>1.3906</TapDrill>
			</Thread>
			<Thread>
				<Gender>internal</Gender>
				<Class>Steel, Plastic 2B</Class>
				<MajorDia>1.4876</MajorDia>
				<PitchDia>1.4364</PitchDia>
				<MinorDia>1.3981</MinorDia>
				<TapDrill>1.4062</TapDrill>
			</Thread>
			<Thread>
				<Gender>internal</Gender>
				<Class>Steel, Plastic 3B</Class>
				<MajorDia>1.4876</MajorDia>
				<PitchDia>1.4343</PitchDia>
				<MinorDia>1.3981</MinorDia>
				<TapDrill>1.4062</TapDrill>
			</Thread>
		</Designation>
	</ThreadSize>
	<ThreadSize>
		<Size>1.5000</Size>
		<Designation>
			<ThreadDesignation>1-1/2-6</ThreadDesignation>
			<CTD>1-1/2-6</CTD>
			<TPI>6</TPI>
			<Thread>
				<Gender>internal</Gender>
				<Class>Aluminum 2B</Class>
				<MajorDia>1.7232</MajorDia>
				<PitchDia>1.6177</PitchDia>
				<MinorDia>1.546</MinorDia>
				<TapDrill>1.5469</TapDrill>
			</Thread>
			<Thread>
				<Gender>internal</Gender>
				<Class>Aluminum 3B</Class>
				<MajorDia>1.7232</MajorDia>
				<PitchDia>1.6151</PitchDia>
				<MinorDia>1.546</MinorDia>
				<TapDrill>1.5469</TapDrill>
			</Thread>
			<Thread>
				<Gender>internal</Gender>
				<Class>Steel, Plastic 2B</Class>
				<MajorDia>1.7232</MajorDia>
				<PitchDia>1.6177</PitchDia>
				<MinorDia>1.546</MinorDia>
				<TapDrill>1.5469</TapDrill>
			</Thread>
			<Thread>
				<Gender>internal</Gender>
				<Class>Steel, Plastic 3B</Class>
				<MajorDia>1.7232</MajorDia>
				<PitchDia>1.6151</PitchDia>
				<MinorDia>1.546</MinorDia>
				<TapDrill>1.5469</TapDrill>
			</Thread>
		</Designation>
		<Designation>
			<ThreadDesignation>1-1/2-12</ThreadDesignation>
			<CTD>1-1/2-12</CTD>
			<TPI>12</TPI>
			<Thread>
				<Gender>internal</Gender>
				<Class>Aluminum 2B</Class>
				<MajorDia>1.6126</MajorDia>
				<PitchDia>1.5615</PitchDia>
				<MinorDia>1.5231</MinorDia>
				<TapDrill>1.5156</TapDrill>
			</Thread>
			<Thread>
				<Gender>internal</Gender>
				<Class>Aluminum 3B</Class>
				<MajorDia>1.6126</MajorDia>
				<PitchDia>1.5595</PitchDia>
				<MinorDia>1.5231</MinorDia>
				<TapDrill>1.5156</TapDrill>
			</Thread>
			<Thread>
				<Gender>internal</Gender>
				<Class>Steel, Plastic 2B</Class>
				<MajorDia>1.6126</MajorDia>
				<PitchDia>1.5615</PitchDia>
				<MinorDia>1.5231</MinorDia>
				<TapDrill>1.5312</TapDrill>
			</Thread>
			<Thread>
				<Gender>internal</Gender>
				<Class>Steel, Plastic 3B</Class>
				<MajorDia>1.6126</MajorDia>
				<PitchDia>1.5595</PitchDia>
				<MinorDia>1.5231</MinorDia>
				<TapDrill>1.5312</TapDrill>
			</Thread>
		</Designation>
	</ThreadSize>
	<ThreadSize>
		<Size>.6250</Size>
		<Designation>
			<ThreadDesignation>5/8-18</ThreadDesignation>
			<CTD>5/8-18</CTD>
			<TPI>18</TPI>
			<Thread>
				<Gender>internal</Gender>
				<Class>Aluminum 2B</Class>
				<MajorDia>0.7009</MajorDia>
				<PitchDia>0.6661</PitchDia>
				<MinorDia>0.641</MinorDia>
				<TapDrill>.6406</TapDrill>
			</Thread>
			<Thread>
				<Gender>internal</Gender>
				<Class>Aluminum 3B</Class>
				<MajorDia>0.7009</MajorDia>
				<PitchDia>0.6646</PitchDia>
				<MinorDia>0.641</MinorDia>
				<TapDrill>.6406</TapDrill>
			</Thread>
			<Thread>
				<Gender>internal</Gender>
				<Class>Steel, Plastic 2B</Class>
				<MajorDia>0.7009</MajorDia>
				<PitchDia>0.6661</PitchDia>
				<MinorDia>0.641</MinorDia>
				<TapDrill>.6406</TapDrill>
			</Thread>
			<Thread>
				<Gender>internal</Gender>
				<Class>Steel, Plastic 3B</Class>
				<MajorDia>0.7009</MajorDia>
				<PitchDia>0.6646</PitchDia>
				<MinorDia>0.641</MinorDia>
				<TapDrill>.6406</TapDrill>
			</Thread>
		</Designation>
	</ThreadSize>
</ThreadType>
