{
    "de-DE": {
        "jp": "ドイツ語",
        "Distance": "Abstand",
        "Support length": "Länge der Stütze",
        "Result": "Ergebnis",
        "Select two points on the curve to be measured.": "Wählen Sie zwei Punkte auf der zu messenden Kurve.",
        "Select sketch curve of support.": "Wählen Sie die Skizzenkurve des Auflagers.",
        "Sketch Points": "Punkte skizzieren",
        "Sketch Curve": "Skizze Kurve",
        "Available only in sketch edit mode.": "Nur im Skizzenbearbeitungsmodus verfügbar.",
        "Measures the distance on a curve between two specified points.": "Misst den Abstand auf einer Kurve zwischen zwei angegebenen Punkten.",
        "Distance between 2 points on curve": "Abstand zwischen 2 Punkten auf der Kurve"
    },
    "en-US": {
        "jp": "英語",
        "Distance": "Distance",
        "Support length": "Support length",
        "Result": "Result",
        "Select two points on the curve to be measured.": "Select two points on the curve to be measured.",
        "Select sketch curve of support.": "Select sketch curve of support.",
        "Sketch Points": "Sketch Points",
        "Sketch Curve": "Sketch Curve",
        "Available only in sketch edit mode.": "Available only in sketch edit mode.",
        "Measures the distance on a curve between two specified points.": "Measures the distance on a curve between two specified points.",
        "Distance between 2 points on curve": "Distance between 2 points on curve"
    },
    "es-ES": {
        "jp": "スペイン語",
        "Distance": "Distancia",
        "Support length": "Longitud del curva",
        "Result": "Resultado",
        "Select two points on the curve to be measured.": "Seleccione dos puntos de la curva a medir.",
        "Select sketch curve of support.": "Seleccione la curva de croquis del apoyo.",
        "Sketch Points": "Croquizar Puntos",
        "Sketch Curve": "Curva de croquis",
        "Available only in sketch edit mode.": "Disponible sólo en modo de edición de croquis.",
        "Measures the distance on a curve between two specified points.": "Mide la distancia en una curva entre dos puntos especificados.",
        "Distance between 2 points on curve": "Distancia entre 2 puntos de la curva"
    },
    "fr-FR": {
        "jp": "フランス語",
        "Distance": "Distance",
        "Support length": "Longueur du courbe",
        "Result": "Résultat",
        "Select two points on the curve to be measured.": "Sélectionnez deux points sur la courbe à mesurer.",
        "Select sketch curve of support.": "Sélectionnez la courbe d'esquisse du support.",
        "Sketch Points": "Points d'esquisse",
        "Sketch Curve": "Courbe d'esquisse",
        "Available only in sketch edit mode.": "Disponible uniquement en mode édition d'esquisse.",
        "Measures the distance on a curve between two specified points.": "Mesure la distance sur une courbe entre deux points spécifiés.",
        "Distance between 2 points on curve": "Distance entre 2 points sur la courbe"
    },
    "it-IT": {
        "jp": "イタリア語",
        "Distance": "Distanza",
        "Support length": "Lunghezza del supporto",
        "Result": "Risultato",
        "Select two points on the curve to be measured.": "Selezionare due punti sulla curva da misurare.",
        "Select sketch curve of support.": "Selezionare la curva di schizzo del supporto.",
        "Sketch Points": "Punti di schizzo",
        "Sketch Curve": "Curva di schizzo",
        "Available only in sketch edit mode.": "Disponibile solo in modalità di modifica dello schizzo.",
        "Measures the distance on a curve between two specified points.": "Misura la distanza su una curva tra due punti specificati.",
        "Distance between 2 points on curve": "Distanza tra 2 punti sulla curva"
    },
    "ja-JP": {
        "jp": "日本語",
        "Distance": "距離",
        "Support length": "サポート長さ",
        "Result": "結果",
        "Select two points on the curve to be measured.": "測定する曲線上の2点を選択。",
        "Select sketch curve of support.": "サポートのスケッチの曲線を選択。",
        "Sketch Points": "スケッチ点",
        "Sketch Curve": "スケッチ曲線",
        "Available only in sketch edit mode.": "スケッチ編集時のみ利用出来ます。",
        "Measures the distance on a curve between two specified points.": "指定した2点間の曲線上での距離を測定します。",
        "Distance between 2 points on curve": "曲線上の2点間距離"
    },
    "ko-KR": {
        "jp": "韓国語",
        "Distance": "거리",
        "Support length": "지지대 길이",
        "Result": "결과",
        "Select two points on the curve to be measured.": "측정할 커브에서 두 점을 선택합니다.",
        "Select sketch curve of support.": "서포트의 스케치 커브를 선택합니다.",
        "Sketch Points": "스케치 포인트",
        "Sketch Curve": "커브 스케치",
        "Available only in sketch edit mode.": "스케치 편집 모드에서만 사용할 수 있습니다.",
        "Measures the distance on a curve between two specified points.": "커브에서 지정된 두 점 사이의 거리를 측정합니다.",
        "Distance between 2 points on curve": "커브의 두 점 사이의 거리"
    },
    "zh-CN": {
        "jp": "中国語",
        "Distance": "距离",
        "Support length": "支持长度",
        "Result": "结果",
        "Select two points on the curve to be measured.": "选择曲线上的两个点进行测量。",
        "Select sketch curve of support.": "选择支持物的草图曲线。",
        "Sketch Points": "草图点",
        "Sketch Curve": "草图曲线",
        "Available only in sketch edit mode.": "仅在草图编辑模式下可用。",
        "Measures the distance on a curve between two specified points.": "测量曲线上两个指定点之间的距离。",
        "Distance between 2 points on curve": "曲线上两点之间的距离"
    },
    "pl-PL": {
        "jp": "ポーランド",
        "Distance": "Odległość",
        "Support length": "Długość podparcia",
        "Result": "Wynik",
        "Select two points on the curve to be measured.": "Wybierz dwa punkty na krzywej, która ma zostać zmierzona.",
        "Select sketch curve of support.": "Wybierz krzywą szkicu podpory.",
        "Sketch Points": "Szkic punktów",
        "Sketch Curve": "Szkic krzywej",
        "Available only in sketch edit mode.": "Opcja dostępna tylko w trybie edycji szkicu.",
        "Measures the distance on a curve between two specified points.": "Mierzy odległość na krzywej między dwoma określonymi punktami.",
        "Distance between 2 points on curve": "Odległość między 2 punktami na krzywej"
    },
    "pt-BR": {
        "jp": "ポルトガル_ブラジル",
        "Distance": "Distância",
        "Support length": "Comprimento do suporte",
        "Result": "Resultado",
        "Select two points on the curve to be measured.": "Selecione dois pontos na curva a ser medida.",
        "Select sketch curve of support.": "Selecione a curva de esboço do suporte.",
        "Sketch Points": "Esboçar pontos",
        "Sketch Curve": "Curva de esboço",
        "Available only in sketch edit mode.": "Disponível somente no modo de edição de esboço.",
        "Measures the distance on a curve between two specified points.": "Mede a distância em uma curva entre dois pontos especificados.",
        "Distance between 2 points on curve": "Distância entre 2 pontos na curva"
    },
    "tr-TR": {
        "jp": "トルコ",
        "Distance": "Mesafe",
        "Support length": "Destek uzunluğu",
        "Result": "Sonuç",
        "Select two points on the curve to be measured.": "Ölçülecek eğri üzerinde iki nokta seçin.",
        "Select sketch curve of support.": "Destek eğrisi çizimini seçin.",
        "Sketch Points": "Çizim Noktaları",
        "Sketch Curve": "Eskiz Eğrisi",
        "Available only in sketch edit mode.": "Yalnızca eskiz düzenleme modunda kullanılabilir.",
        "Measures the distance on a curve between two specified points.": "Bir eğri üzerinde belirtilen iki nokta arasındaki mesafeyi ölçer.",
        "Distance between 2 points on curve": "Eğri üzerinde 2 nokta arasındaki mesafe"
    }
}