<?xml version="1.0" encoding = "UTF-8"?>
<ThreadType>
  <Name>Whitworth</Name>
  <CustomName>Whitworth</CustomName>
  <Unit>in</Unit>
  <Angle>55</Angle>
  <SortOrder>19</SortOrder>
  <ThreadForm>7</ThreadForm>
  <ThreadSize>
    <Size>1/8</Size>
    <Designation>
      <ThreadDesignation>1/8 BSW</ThreadDesignation>
      <CTD>1/8 - 40 BSW</CTD>
      <TPI>40</TPI>
      <Thread>
        <Gender>external</Gender>
        <Class>Medium</Class>
        <MajorDia>0.12155</MajorDia>
        <PitchDia>0.10635</PitchDia>
        <MinorDia>0.08875</MinorDia>
      </Thread>
      <Thread>
        <Gender>internal</Gender>
        <Class>Medium</Class>
        <MajorDia>0.125</MajorDia>
        <PitchDia>0.11115</PitchDia>
        <MinorDia>0.0975</MinorDia>
      </Thread>
    </Designation>
  </ThreadSize>
  <ThreadSize>
    <Size>3/16</Size>
    <Designation>
      <ThreadDesignation>3/16 BSW</ThreadDesignation>
      <CTD>3/16 - 24 BSW</CTD>
      <TPI>24</TPI>
      <Thread>
        <Gender>external</Gender>
        <Class>Medium</Class>
        <MajorDia>0.18355</MajorDia>
        <PitchDia>0.15785</PitchDia>
        <MinorDia>0.1291</MinorDia>
      </Thread>
      <Thread>
        <Gender>internal</Gender>
        <Class>Medium</Class>
        <MajorDia>0.1875</MajorDia>
        <PitchDia>0.1634</PitchDia>
        <MinorDia>0.14075</MinorDia>
      </Thread>
    </Designation>
  </ThreadSize>
  <ThreadSize>
    <Size>1/4</Size>
    <Designation>
      <ThreadDesignation>1/4 BSW</ThreadDesignation>
      <CTD>1/4 - 20 BSW</CTD>
      <TPI>20</TPI>
      <Thread>
        <Gender>external</Gender>
        <Class>Medium</Class>
        <MajorDia>0.24575</MajorDia>
        <PitchDia>0.21485</PitchDia>
        <MinorDia>0.1806</MinorDia>
      </Thread>
      <Thread>
        <Gender>internal</Gender>
        <Class>Medium</Class>
        <MajorDia>0.25</MajorDia>
        <PitchDia>0.2209</PitchDia>
        <MinorDia>0.1945</MinorDia>
      </Thread>
    </Designation>
  </ThreadSize>
  <ThreadSize>
    <Size>5/16</Size>
    <Designation>
      <ThreadDesignation>5/16 BSW</ThreadDesignation>
      <CTD>5/16 - 18 BSW</CTD>
      <TPI>18</TPI>
      <Thread>
        <Gender>external</Gender>
        <Class>Medium</Class>
        <MajorDia>0.3079</MajorDia>
        <PitchDia>0.2735</PitchDia>
        <MinorDia>0.23555</MinorDia>
      </Thread>
      <Thread>
        <Gender>internal</Gender>
        <Class>Medium</Class>
        <MajorDia>0.3125</MajorDia>
        <PitchDia>0.28005</PitchDia>
        <MinorDia>0.25035</MinorDia>
      </Thread>
    </Designation>
  </ThreadSize>
  <ThreadSize>
    <Size>3/8</Size>
    <Designation>
      <ThreadDesignation>3/8 BSW</ThreadDesignation>
      <CTD>3/8 - 16 BSW</CTD>
      <TPI>16</TPI>
      <Thread>
        <Gender>external</Gender>
        <Class>Medium</Class>
        <MajorDia>0.3701</MajorDia>
        <PitchDia>0.33135</PitchDia>
        <MinorDia>0.28885</MinorDia>
      </Thread>
      <Thread>
        <Gender>internal</Gender>
        <Class>Medium</Class>
        <MajorDia>0.375</MajorDia>
        <PitchDia>0.3384</PitchDia>
        <MinorDia>0.30475</MinorDia>
      </Thread>
    </Designation>
  </ThreadSize>
  <ThreadSize>
    <Size>7/16</Size>
    <Designation>
      <ThreadDesignation>7/16 BSW</ThreadDesignation>
      <CTD>7/16 - 14 BSW</CTD>
      <TPI>14</TPI>
      <Thread>
        <Gender>external</Gender>
        <Class>Medium</Class>
        <MajorDia>0.43225</MajorDia>
        <PitchDia>0.3879</PitchDia>
        <MinorDia>0.33955</MinorDia>
      </Thread>
      <Thread>
        <Gender>internal</Gender>
        <Class>Medium</Class>
        <MajorDia>0.4375</MajorDia>
        <PitchDia>0.39545</PitchDia>
        <MinorDia>0.35675</MinorDia>
      </Thread>
    </Designation>
  </ThreadSize>
  <ThreadSize>
    <Size>1/2</Size>
    <Designation>
      <ThreadDesignation>1/2 BSW</ThreadDesignation>
      <CTD>1/2 - 12 BSW</CTD>
      <TPI>12</TPI>
      <Thread>
        <Gender>external</Gender>
        <Class>Medium</Class>
        <MajorDia>0.49445</MajorDia>
        <PitchDia>0.4425</PitchDia>
        <MinorDia>0.3862</MinorDia>
      </Thread>
      <Thread>
        <Gender>internal</Gender>
        <Class>Medium</Class>
        <MajorDia>0.5</MajorDia>
        <PitchDia>0.45045</PitchDia>
        <MinorDia>0.40505</MinorDia>
      </Thread>
    </Designation>
  </ThreadSize>
  <ThreadSize>
    <Size>9/16</Size>
    <Designation>
      <ThreadDesignation>9/16 BSW</ThreadDesignation>
      <CTD>9/16 - 12 BSW</CTD>
      <TPI>12</TPI>
      <Thread>
        <Gender>external</Gender>
        <Class>Medium</Class>
        <MajorDia>0.5568</MajorDia>
        <PitchDia>0.50485</PitchDia>
        <MinorDia>0.44855</MinorDia>
      </Thread>
      <Thread>
        <Gender>internal</Gender>
        <Class>Medium</Class>
        <MajorDia>0.5625</MajorDia>
        <PitchDia>0.5131</PitchDia>
        <MinorDia>0.46755</MinorDia>
      </Thread>
    </Designation>
  </ThreadSize>
  <ThreadSize>
    <Size>5/8</Size>
    <Designation>
      <ThreadDesignation>5/8 BSW</ThreadDesignation>
      <CTD>5/8 - 11 BSW</CTD>
      <TPI>11</TPI>
      <Thread>
        <Gender>external</Gender>
        <Class>Medium</Class>
        <MajorDia>0.619</MajorDia>
        <PitchDia>0.5623</PitchDia>
        <MinorDia>0.5011</MinorDia>
      </Thread>
      <Thread>
        <Gender>internal</Gender>
        <Class>Medium</Class>
        <MajorDia>0.625</MajorDia>
        <PitchDia>0.571</PitchDia>
        <MinorDia>0.5212</MinorDia>
      </Thread>
    </Designation>
  </ThreadSize>
  <ThreadSize>
    <Size>11/16</Size>
    <Designation>
      <ThreadDesignation>11/16 BSW</ThreadDesignation>
      <CTD>11/16 - 11 BSW</CTD>
      <TPI>11</TPI>
      <Thread>
        <Gender>external</Gender>
        <Class>Medium</Class>
        <MajorDia>0.6814</MajorDia>
        <PitchDia>0.6247</PitchDia>
        <MinorDia>0.5635</MinorDia>
      </Thread>
      <Thread>
        <Gender>internal</Gender>
        <Class>Medium</Class>
        <MajorDia>0.6875</MajorDia>
        <PitchDia>0.6336</PitchDia>
        <MinorDia>0.5837</MinorDia>
      </Thread>
    </Designation>
  </ThreadSize>
  <ThreadSize>
    <Size>3/4</Size>
    <Designation>
      <ThreadDesignation>3/4 BSW</ThreadDesignation>
      <CTD>3/4 - 10 BSW</CTD>
      <TPI>10</TPI>
      <Thread>
        <Gender>external</Gender>
        <Class>Medium</Class>
        <MajorDia>0.7436</MajorDia>
        <PitchDia>0.6812</PitchDia>
        <MinorDia>0.61405</MinorDia>
      </Thread>
      <Thread>
        <Gender>internal</Gender>
        <Class>Medium</Class>
        <MajorDia>0.75</MajorDia>
        <PitchDia>0.6905</PitchDia>
        <MinorDia>0.6355</MinorDia>
      </Thread>
    </Designation>
  </ThreadSize>
  <ThreadSize>
    <Size>7/8</Size>
    <Designation>
      <ThreadDesignation>7/8 BSW</ThreadDesignation>
      <CTD>7/8 - 9 BSW</CTD>
      <TPI>9</TPI>
      <Thread>
        <Gender>external</Gender>
        <Class>Medium</Class>
        <MajorDia>0.87015</MajorDia>
        <PitchDia>0.8007</PitchDia>
        <MinorDia>0.72625</MinorDia>
      </Thread>
      <Thread>
        <Gender>internal</Gender>
        <Class>Medium</Class>
        <MajorDia>0.875</MajorDia>
        <PitchDia>0.8087</PitchDia>
        <MinorDia>0.7474</MinorDia>
      </Thread>
    </Designation>
  </ThreadSize>
  <ThreadSize>
    <Size>1</Size>
    <Designation>
      <ThreadDesignation>1 BSW</ThreadDesignation>
      <CTD>1 - 8 BSW</CTD>
      <TPI>8</TPI>
      <Thread>
        <Gender>external</Gender>
        <Class>Medium</Class>
        <MajorDia>0.99485</MajorDia>
        <PitchDia>0.9166</PitchDia>
        <MinorDia>0.83305</MinorDia>
      </Thread>
      <Thread>
        <Gender>internal</Gender>
        <Class>Medium</Class>
        <MajorDia>1</MajorDia>
        <PitchDia>0.9251</PitchDia>
        <MinorDia>0.856</MinorDia>
      </Thread>
    </Designation>
  </ThreadSize>
  <ThreadSize>
    <Size>1 1/8</Size>
    <Designation>
      <ThreadDesignation>1 1/8 BSW</ThreadDesignation>
      <CTD>1 1/8 - 7 BSW</CTD>
      <TPI>7</TPI>
      <Thread>
        <Gender>external</Gender>
        <Class>Medium</Class>
        <MajorDia>1.1195</MajorDia>
        <PitchDia>1.0299</PitchDia>
        <MinorDia>0.9346</MinorDia>
      </Thread>
      <Thread>
        <Gender>internal</Gender>
        <Class>Medium</Class>
        <MajorDia>1.125</MajorDia>
        <PitchDia>1.03885</PitchDia>
        <MinorDia>0.9598</MinorDia>
      </Thread>
    </Designation>
  </ThreadSize>
  <ThreadSize>
    <Size>1 1/4</Size>
    <Designation>
      <ThreadDesignation>1 1/4 BSW</ThreadDesignation>
      <CTD>1 1/4 - 7 BSW</CTD>
      <TPI>7</TPI>
      <Thread>
        <Gender>external</Gender>
        <Class>Medium</Class>
        <MajorDia>1.2444</MajorDia>
        <PitchDia>1.1548</PitchDia>
        <MinorDia>1.0595</MinorDia>
      </Thread>
      <Thread>
        <Gender>internal</Gender>
        <Class>Medium</Class>
        <MajorDia>1.25</MajorDia>
        <PitchDia>1.16405</PitchDia>
        <MinorDia>1.0848</MinorDia>
      </Thread>
    </Designation>
  </ThreadSize>
  <ThreadSize>
    <Size>1 1/2</Size>
    <Designation>
      <ThreadDesignation>1 1/2 BSW</ThreadDesignation>
      <CTD>1 1/2 - 6 BSW</CTD>
      <TPI>6</TPI>
      <Thread>
        <Gender>external</Gender>
        <Class>Medium</Class>
        <MajorDia>1.49395</MajorDia>
        <PitchDia>1.3893</PitchDia>
        <MinorDia>1.2785</MinorDia>
      </Thread>
      <Thread>
        <Gender>internal</Gender>
        <Class>Medium</Class>
        <MajorDia>1.5</MajorDia>
        <PitchDia>1.3993</PitchDia>
        <MinorDia>1.30675</MinorDia>
      </Thread>
    </Designation>
  </ThreadSize>
  <ThreadSize>
    <Size>1 3/4</Size>
    <Designation>
      <ThreadDesignation>1 3/4 BSW</ThreadDesignation>
      <CTD>1 3/4 - 5 BSW</CTD>
      <TPI>5</TPI>
      <Thread>
        <Gender>external</Gender>
        <Class>Medium</Class>
        <MajorDia>1.74345</MajorDia>
        <PitchDia>1.6176</PitchDia>
        <MinorDia>1.48505</MinorDia>
      </Thread>
      <Thread>
        <Gender>internal</Gender>
        <Class>Medium</Class>
        <MajorDia>1.75</MajorDia>
        <PitchDia>1.62835</PitchDia>
        <MinorDia>1.5173</MinorDia>
      </Thread>
    </Designation>
  </ThreadSize>
  <ThreadSize>
    <Size>2</Size>
    <Designation>
      <ThreadDesignation>2 BSW</ThreadDesignation>
      <CTD>2 - 4.5 BSW</CTD>
      <TPI>4.5</TPI>
      <Thread>
        <Gender>external</Gender>
        <Class>Medium</Class>
        <MajorDia>1.9931</MajorDia>
        <PitchDia>1.85315</PitchDia>
        <MinorDia>1.70615</MinorDia>
      </Thread>
      <Thread>
        <Gender>internal</Gender>
        <Class>Medium</Class>
        <MajorDia>2</MajorDia>
        <PitchDia>1.86455</PitchDia>
        <MinorDia>1.7411</MinorDia>
      </Thread>
    </Designation>
  </ThreadSize>
  <ThreadSize>
    <Size>2 1/4</Size>
    <Designation>
      <ThreadDesignation>2 1/4 BSW</ThreadDesignation>
      <CTD>2 1/4 - 4 BSW</CTD>
      <TPI>4</TPI>
      <Thread>
        <Gender>external</Gender>
        <Class>Medium</Class>
        <MajorDia>2.2427</MajorDia>
        <PitchDia>2.0851</PitchDia>
        <MinorDia>1.92</MinorDia>
      </Thread>
      <Thread>
        <Gender>internal</Gender>
        <Class>Medium</Class>
        <MajorDia>2.25</MajorDia>
        <PitchDia>2.0971</PitchDia>
        <MinorDia>1.9583</MinorDia>
      </Thread>
    </Designation>
  </ThreadSize>
  <ThreadSize>
    <Size>2 1/2</Size>
    <Designation>
      <ThreadDesignation>2 1/2 BSW</ThreadDesignation>
      <CTD>2 1/2 - 4 BSW</CTD>
      <TPI>4</TPI>
      <Thread>
        <Gender>external</Gender>
        <Class>Medium</Class>
        <MajorDia>2.4925</MajorDia>
        <PitchDia>2.3349</PitchDia>
        <MinorDia>2.1698</MinorDia>
      </Thread>
      <Thread>
        <Gender>internal</Gender>
        <Class>Medium</Class>
        <MajorDia>2.5</MajorDia>
        <PitchDia>2.34735</PitchDia>
        <MinorDia>2.2083</MinorDia>
      </Thread>
    </Designation>
  </ThreadSize>
  <ThreadSize>
    <Size>2 3/4</Size>
    <Designation>
      <ThreadDesignation>2 3/4 BSW</ThreadDesignation>
      <CTD>2 3/4 - 3.5 BSW</CTD>
      <TPI>3.5</TPI>
      <Thread>
        <Gender>external</Gender>
        <Class>Medium</Class>
        <MajorDia>2.74215</MajorDia>
        <PitchDia>2.5618</PitchDia>
        <MinorDia>2.37345</MinorDia>
      </Thread>
      <Thread>
        <Gender>internal</Gender>
        <Class>Medium</Class>
        <MajorDia>2.75</MajorDia>
        <PitchDia>2.57485</PitchDia>
        <MinorDia>2.41605</MinorDia>
      </Thread>
    </Designation>
  </ThreadSize>
  <ThreadSize>
    <Size>3</Size>
    <Designation>
      <ThreadDesignation>3 BSW</ThreadDesignation>
      <CTD>3 - 3.5 BSW</CTD>
      <TPI>3.5</TPI>
      <Thread>
        <Gender>external</Gender>
        <Class>Medium</Class>
        <MajorDia>2.99195</MajorDia>
        <PitchDia>2.8116</PitchDia>
        <MinorDia>2.62325</MinorDia>
      </Thread>
      <Thread>
        <Gender>internal</Gender>
        <Class>Medium</Class>
        <MajorDia>3</MajorDia>
        <PitchDia>2.82505</PitchDia>
        <MinorDia>2.66605</MinorDia>
      </Thread>
    </Designation>
  </ThreadSize>
  <ThreadSize>
    <Size>3 1/4</Size>
    <Designation>
      <ThreadDesignation>3 1/4 BSW</ThreadDesignation>
      <CTD>3 1/4 - 3.25 BSW</CTD>
      <TPI>3.25</TPI>
      <Thread>
        <Gender>external</Gender>
        <Class>Medium</Class>
        <MajorDia>3.24165</MajorDia>
        <PitchDia>3.04745</PitchDia>
        <MinorDia>2.8449</MinorDia>
      </Thread>
      <Thread>
        <Gender>internal</Gender>
        <Class>Medium</Class>
        <MajorDia>3.25</MajorDia>
        <PitchDia>3.06135</PitchDia>
        <MinorDia>2.89025</MinorDia>
      </Thread>
    </Designation>
  </ThreadSize>
  <ThreadSize>
    <Size>3 1/2</Size>
    <Designation>
      <ThreadDesignation>3 1/2 BSW</ThreadDesignation>
      <CTD>3 1/2 - 3.25 BSW</CTD>
      <TPI>3.25</TPI>
      <Thread>
        <Gender>external</Gender>
        <Class>Medium</Class>
        <MajorDia>3.4915</MajorDia>
        <PitchDia>3.2973</PitchDia>
        <MinorDia>3.09475</MinorDia>
      </Thread>
      <Thread>
        <Gender>internal</Gender>
        <Class>Medium</Class>
        <MajorDia>3.5</MajorDia>
        <PitchDia>3.31155</PitchDia>
        <MinorDia>3.14025</MinorDia>
      </Thread>
    </Designation>
  </ThreadSize>
  <ThreadSize>
    <Size>3 3/4</Size>
    <Designation>
      <ThreadDesignation>3 3/4 BSW</ThreadDesignation>
      <CTD>3 3/4 - 3 BSW</CTD>
      <TPI>3</TPI>
      <Thread>
        <Gender>external</Gender>
        <Class>Medium</Class>
        <MajorDia>3.7412</MajorDia>
        <PitchDia>3.5307</PitchDia>
        <MinorDia>3.3115</MinorDia>
      </Thread>
      <Thread>
        <Gender>internal</Gender>
        <Class>Medium</Class>
        <MajorDia>3.75</MajorDia>
        <PitchDia>3.54545</PitchDia>
        <MinorDia>3.36005</MinorDia>
      </Thread>
    </Designation>
  </ThreadSize>
  <ThreadSize>
    <Size>4</Size>
    <Designation>
      <ThreadDesignation>4 BSW</ThreadDesignation>
      <CTD>4 - 3 BSW</CTD>
      <TPI>3</TPI>
      <Thread>
        <Gender>external</Gender>
        <Class>Medium</Class>
        <MajorDia>3.9911</MajorDia>
        <PitchDia>3.78055</PitchDia>
        <MinorDia>3.5614</MinorDia>
      </Thread>
      <Thread>
        <Gender>internal</Gender>
        <Class>Medium</Class>
        <MajorDia>4</MajorDia>
        <PitchDia>3.79565</PitchDia>
        <MinorDia>3.61005</MinorDia>
      </Thread>
    </Designation>
  </ThreadSize>
  <ThreadSize>
    <Size>4 1/2</Size>
    <Designation>
      <ThreadDesignation>4 1/2 BSW</ThreadDesignation>
      <CTD>4 1/2 - 2.875 BSW</CTD>
      <TPI>2.875</TPI>
      <Thread>
        <Gender>external</Gender>
        <Class>Medium</Class>
        <MajorDia>4.49075</MajorDia>
        <PitchDia>4.271</PitchDia>
        <MinorDia>4.0424</MinorDia>
      </Thread>
      <Thread>
        <Gender>internal</Gender>
        <Class>Medium</Class>
        <MajorDia>4.5</MajorDia>
        <PitchDia>4.28675</PitchDia>
        <MinorDia>4.0929</MinorDia>
      </Thread>
    </Designation>
  </ThreadSize>
  <ThreadSize>
    <Size>5</Size>
    <Designation>
      <ThreadDesignation>5 BSW</ThreadDesignation>
      <CTD>5 - 2.75 BSW</CTD>
      <TPI>2.75</TPI>
      <Thread>
        <Gender>external</Gender>
        <Class>Medium</Class>
        <MajorDia>4.9904</MajorDia>
        <PitchDia>4.76065</PitchDia>
        <MinorDia>4.5218</MinorDia>
      </Thread>
      <Thread>
        <Gender>internal</Gender>
        <Class>Medium</Class>
        <MajorDia>5</MajorDia>
        <PitchDia>4.77705</PitchDia>
        <MinorDia>4.57425</MinorDia>
      </Thread>
    </Designation>
  </ThreadSize>
  <ThreadSize>
    <Size>5 1/2</Size>
    <Designation>
      <ThreadDesignation>5 1/2 BSW</ThreadDesignation>
      <CTD>5 1/2 - 2.625 BSW</CTD>
      <TPI>2.625</TPI>
      <Thread>
        <Gender>external</Gender>
        <Class>Medium</Class>
        <MajorDia>5.4901</MajorDia>
        <PitchDia>5.24925</PitchDia>
        <MinorDia>4.9992</MinorDia>
      </Thread>
      <Thread>
        <Gender>internal</Gender>
        <Class>Medium</Class>
        <MajorDia>5.5</MajorDia>
        <PitchDia>5.26635</PitchDia>
        <MinorDia>5.0538</MinorDia>
      </Thread>
    </Designation>
  </ThreadSize>
  <ThreadSize>
    <Size>6</Size>
    <Designation>
      <ThreadDesignation>6 BSW</ThreadDesignation>
      <CTD>6 - 2.5 BSW</CTD>
      <TPI>2.5</TPI>
      <Thread>
        <Gender>external</Gender>
        <Class>Medium</Class>
        <MajorDia>5.98975</MajorDia>
        <PitchDia>5.73685</PitchDia>
        <MinorDia>5.4744</MinorDia>
      </Thread>
      <Thread>
        <Gender>internal</Gender>
        <Class>Medium</Class>
        <MajorDia>6</MajorDia>
        <PitchDia>5.7545</PitchDia>
        <MinorDia>5.5313</MinorDia>
      </Thread>
    </Designation>
  </ThreadSize>
  </ThreadType>
