<?xml version="1.0" encoding = "UTF-8"?>
<ThreadType>
  <Name>Whitworth</Name>
  <CustomName>Whitworth</CustomName>
  <Unit>in</Unit>
  <Angle>55</Angle>
  <SortOrder>19</SortOrder>
    <ThreadForm>7</ThreadForm>
    <ThreadSize>
    <Size>0.0625</Size>
    <Designation>
      <ThreadDesignation>1/16 BSW</ThreadDesignation>
      <CTD>1/16 - 60 BSW</CTD>
      <TPI>60</TPI>
      <Thread>
        <Gender>external</Gender>
        <Class>Medium</Class>
        <MajorDia>0.059498010384590586</MajorDia>
        <PitchDia>0.0501168819057088</PitchDia>
        <MinorDia>0.0368627700806196</MinorDia>
      </Thread>
      <Thread>
        <Gender>internal</Gender>
        <Class>Medium</Class>
        <MajorDia>0.0625</MajorDia>
        <PitchDia>0.051827877072382414</PitchDia>
        <MinorDia>0.04115575414476482</MinorDia>
        <TapDrill>0.04583333333333334</TapDrill>
      </Thread>
    </Designation>
  </ThreadSize>
  <ThreadSize>
    <Size>0.09375</Size>
    <Designation>
      <ThreadDesignation>3/32 BSW</ThreadDesignation>
      <CTD>3/32 - 48 BSW</CTD>
      <TPI>48</TPI>
      <Thread>
        <Gender>external</Gender>
        <Class>Medium</Class>
        <MajorDia>0.09037249744462086</MajorDia>
        <PitchDia>0.07847571945807294</PitchDia>
        <MinorDia>0.06224881445260283</MinorDia>
      </Thread>
      <Thread>
        <Gender>internal</Gender>
        <Class>Medium</Class>
        <MajorDia>0.09375</MajorDia>
        <PitchDia>0.08040984634047801</PitchDia>
        <MinorDia>0.06706969268095603</MinorDia>
        <TapDrill>0.07291666666666667</TapDrill>
      </Thread>
    </Designation>
  </ThreadSize>
  <ThreadSize>
    <Size>0.125</Size>
    <Designation>
      <ThreadDesignation>1/8 BSW</ThreadDesignation>
      <CTD>1/8 - 40 BSW</CTD>
      <TPI>40</TPI>
      <Thread>
        <Gender>external</Gender>
        <Class>Medium</Class>
        <MajorDia>0.12129540926317633</MajorDia>
        <PitchDia>0.10686836370183414</PitchDia>
        <MinorDia>0.08769790165023937</MinorDia>
      </Thread>
      <Thread>
        <Gender>internal</Gender>
        <Class>Medium</Class>
        <MajorDia>0.125</MajorDia>
        <PitchDia>0.10899181560857361</PitchDia>
        <MinorDia>0.09298363121714723</MinorDia>
        <TapDrill>0.1</TapDrill>
      </Thread>
    </Designation>
  </ThreadSize>
  <ThreadSize>
    <Size>0.1875</Size>
    <Designation>
      <ThreadDesignation>3/16 BSW</ThreadDesignation>
      <CTD>3/16 - 24 BSW</CTD>
      <TPI>24</TPI>
      <Thread>
        <Gender>external</Gender>
        <Class>Medium</Class>
        <MajorDia>0.18286367413010504</MajorDia>
        <PitchDia>0.1582246082633804</PitchDia>
        <MinorDia>0.12746181803969778</MinorDia>
      </Thread>
      <Thread>
        <Gender>internal</Gender>
        <Class>Medium</Class>
        <MajorDia>0.1875</MajorDia>
        <PitchDia>0.16081969268095603</PitchDia>
        <MinorDia>0.13413938536191206</MinorDia>
        <TapDrill>0.14583333333333334</TapDrill>
      </Thread>
    </Designation>
  </ThreadSize>
  <ThreadSize>
    <Size>0.25</Size>
    <Designation>
      <ThreadDesignation>1/4 BSW</ThreadDesignation>
      <CTD>1/4 - 20 BSW</CTD>
      <TPI>20</TPI>
      <Thread>
        <Gender>external</Gender>
        <Class>Medium</Class>
        <MajorDia>0.24491521004942046</MajorDia>
        <PitchDia>0.21513490924406747</PitchDia>
        <MinorDia>0.17864640450621513</MinorDia>
      </Thread>
      <Thread>
        <Gender>internal</Gender>
        <Class>Medium</Class>
        <MajorDia>0.25</MajorDia>
        <PitchDia>0.21798363121714723</PitchDia>
        <MinorDia>0.18596726243429446</MinorDia>
        <TapDrill>0.2</TapDrill>
      </Thread>
    </Designation>
  </ThreadSize>
  <ThreadSize>
    <Size>0.3125</Size>
    <Designation>
      <ThreadDesignation>5/16 BSW</ThreadDesignation>
      <CTD>5/16 - 18 BSW</CTD>
      <TPI>18</TPI>
      <Thread>
        <Gender>external</Gender>
        <Class>Medium</Class>
        <MajorDia>0.30711102536579993</MajorDia>
        <PitchDia>0.27389430487769645</PitchDia>
        <MinorDia>0.2336065165777275</MinorDia>
      </Thread>
      <Thread>
        <Gender>internal</Gender>
        <Class>Medium</Class>
        <MajorDia>0.3125</MajorDia>
        <PitchDia>0.27692625690794137</PitchDia>
        <MinorDia>0.24135251381588274</MinorDia>
        <TapDrill>0.2569444444444444</TapDrill>
      </Thread>
    </Designation>
  </ThreadSize>
  <ThreadSize>
    <Size>0.375</Size>
    <Designation>
      <ThreadDesignation>3/8 BSW</ThreadDesignation>
      <CTD>3/8 - 16 BSW</CTD>
      <TPI>16</TPI>
      <Thread>
        <Gender>external</Gender>
        <Class>Medium</Class>
        <MajorDia>0.3692814169962147</MajorDia>
        <PitchDia>0.33176095601764877</PitchDia>
        <MinorDia>0.2867404950390828</MinorDia>
      </Thread>
      <Thread>
        <Gender>internal</Gender>
        <Class>Medium</Class>
        <MajorDia>0.375</MajorDia>
        <PitchDia>0.33497953902143407</PitchDia>
        <MinorDia>0.2949590780428681</MinorDia>
        <TapDrill>0.3125</TapDrill>
      </Thread>
    </Designation>
  </ThreadSize>
  <ThreadSize>
    <Size>0.4375</Size>
    <Designation>
      <ThreadDesignation>7/16 BSW</ThreadDesignation>
      <CTD>7/16 - 14 BSW</CTD>
      <TPI>14</TPI>
      <Thread>
        <Gender>external</Gender>
        <Class>Medium</Class>
        <MajorDia>0.43141011277701047</MajorDia>
        <PitchDia>0.38834505550634507</PitchDia>
        <MinorDia>0.3372621609783069</MinorDia>
      </Thread>
      <Thread>
        <Gender>internal</Gender>
        <Class>Medium</Class>
        <MajorDia>0.4375</MajorDia>
        <PitchDia>0.39176233031021035</PitchDia>
        <MinorDia>0.3460246606204207</MinorDia>
        <TapDrill>0.3660714285714286</TapDrill>
      </Thread>
    </Designation>
  </ThreadSize>
  <ThreadSize>
    <Size>0.5</Size>
    <Designation>
      <ThreadDesignation>1/2 BSW</ThreadDesignation>
      <CTD>1/2 - 12 BSW</CTD>
      <TPI>12</TPI>
      <Thread>
        <Gender>external</Gender>
        <Class>Medium</Class>
        <MajorDia>0.49347471443010565</MajorDia>
        <PitchDia>0.44300085113796583</PitchDia>
        <MinorDia>0.38386673380798164</MinorDia>
      </Thread>
      <Thread>
        <Gender>internal</Gender>
        <Class>Medium</Class>
        <MajorDia>0.5</MajorDia>
        <PitchDia>0.44663938536191206</PitchDia>
        <MinorDia>0.3932787707238241</MinorDia>
        <TapDrill>0.4166666666666667</TapDrill>
      </Thread>
    </Designation>
  </ThreadSize>
  <ThreadSize>
    <Size>0.5625</Size>
    <Designation>
      <ThreadDesignation>9/16 BSW</ThreadDesignation>
      <CTD>9/16 - 12 BSW</CTD>
      <TPI>12</TPI>
      <Thread>
        <Gender>external</Gender>
        <Class>Medium</Class>
        <MajorDia>0.5559111518576265</MajorDia>
        <PitchDia>0.5054372885654868</PitchDia>
        <MinorDia>0.44630317123550256</MinorDia>
      </Thread>
      <Thread>
        <Gender>internal</Gender>
        <Class>Medium</Class>
        <MajorDia>0.5625</MajorDia>
        <PitchDia>0.5091393853619121</PitchDia>
        <MinorDia>0.4557787707238241</MinorDia>
        <TapDrill>0.4791666666666667</TapDrill>
      </Thread>
    </Designation>
  </ThreadSize>
  <ThreadSize>
    <Size>0.625</Size>
    <Designation>
      <ThreadDesignation>5/8 BSW</ThreadDesignation>
      <CTD>5/8 - 11 BSW</CTD>
      <TPI>11</TPI>
      <Thread>
        <Gender>external</Gender>
        <Class>Medium</Class>
        <MajorDia>0.6181325718797602</MajorDia>
        <PitchDia>0.562936105720351</PitchDia>
        <MinorDia>0.49869429922360886</MinorDia>
      </Thread>
      <Thread>
        <Gender>internal</Gender>
        <Class>Medium</Class>
        <MajorDia>0.625</MajorDia>
        <PitchDia>0.5667884203948131</PitchDia>
        <MinorDia>0.5085768407896263</MinorDia>
        <TapDrill>0.5340909090909091</TapDrill>
      </Thread>
    </Designation>
  </ThreadSize>
  <ThreadSize>
    <Size>0.6875</Size>
    <Designation>
      <ThreadDesignation>11/16 BSW</ThreadDesignation>
      <CTD>11/16 - 11 BSW</CTD>
      <TPI>11</TPI>
      <Thread>
        <Gender>external</Gender>
        <Class>Medium</Class>
        <MajorDia>0.6805773736587739</MajorDia>
        <PitchDia>0.6253809074993647</PitchDia>
        <MinorDia>0.5611391010026225</MinorDia>
      </Thread>
      <Thread>
        <Gender>internal</Gender>
        <Class>Medium</Class>
        <MajorDia>0.6875</MajorDia>
        <PitchDia>0.6292884203948131</PitchDia>
        <MinorDia>0.5710768407896263</MinorDia>
        <TapDrill>0.5965909090909091</TapDrill>
      </Thread>
    </Designation>
  </ThreadSize>
  <ThreadSize>
    <Size>0.75</Size>
    <Designation>
      <ThreadDesignation>3/4 BSW</ThreadDesignation>
      <CTD>3/4 - 10 BSW</CTD>
      <TPI>10</TPI>
      <Thread>
        <Gender>external</Gender>
        <Class>Medium</Class>
        <MajorDia>0.7427736979335205</MajorDia>
        <PitchDia>0.6819032380279835</PitchDia>
        <MinorDia>0.611545945141941</MinorDia>
      </Thread>
      <Thread>
        <Gender>internal</Gender>
        <Class>Medium</Class>
        <MajorDia>0.75</MajorDia>
        <PitchDia>0.6859672624342945</PitchDia>
        <MinorDia>0.6219345248685889</MinorDia>
        <TapDrill>0.65</TapDrill>
      </Thread>
    </Designation>
  </ThreadSize>
  <ThreadSize>
    <Size>0.875</Size>
    <Designation>
      <ThreadDesignation>7/8 BSW</ThreadDesignation>
      <CTD>7/8 - 9 BSW</CTD>
      <TPI>9</TPI>
      <Thread>
        <Gender>external</Gender>
        <Class>Medium</Class>
        <MajorDia>0.8673852909059238</MajorDia>
        <PitchDia>0.7995711380551398</PitchDia>
        <MinorDia>0.7217569852043559</MinorDia>
      </Thread>
      <Thread>
        <Gender>internal</Gender>
        <Class>Medium</Class>
        <MajorDia>0.875</MajorDia>
        <PitchDia>0.8038525138158827</PitchDia>
        <MinorDia>0.7327050276317655</MinorDia>
        <TapDrill>0.7638888888888888</TapDrill>
      </Thread>
    </Designation>
  </ThreadSize>
  <ThreadSize>
    <Size>1</Size>
    <Designation>
      <ThreadDesignation>1 BSW</ThreadDesignation>
      <CTD>1 - 8 BSW</CTD>
      <TPI>8</TPI>
      <Thread>
        <Gender>external</Gender>
        <Class>Medium</Class>
        <MajorDia>0.991952351261146</MajorDia>
        <PitchDia>0.9154469632099469</PitchDia>
        <MinorDia>0.8283349734409495</MinorDia>
      </Thread>
      <Thread>
        <Gender>internal</Gender>
        <Class>Medium</Class>
        <MajorDia>1</MajorDia>
        <PitchDia>0.9199590780428681</PitchDia>
        <MinorDia>0.8399181560857362</MinorDia>
        <TapDrill>0.875</TapDrill>
      </Thread>
    </Designation>
  </ThreadSize>
  <ThreadSize>
    <Size>1.125</Size>
    <Designation>
      <ThreadDesignation>1 1/8 BSW</ThreadDesignation>
      <CTD>1 1/8 - 7 BSW</CTD>
      <TPI>7</TPI>
      <Thread>
        <Gender>external</Gender>
        <Class>Medium</Class>
        <MajorDia>1.1164547077265632</MajorDia>
        <PitchDia>1.0287590130770763</PitchDia>
        <MinorDia>0.9297243842373124</MinorDia>
      </Thread>
      <Thread>
        <Gender>internal</Gender>
        <Class>Medium</Class>
        <MajorDia>1.125</MajorDia>
        <PitchDia>1.0335246606204207</PitchDia>
        <MinorDia>0.9420493212408414</MinorDia>
        <TapDrill>0.9821428571428572</TapDrill>
      </Thread>
    </Designation>
  </ThreadSize>
  <ThreadSize>
    <Size>1.25</Size>
    <Designation>
      <ThreadDesignation>1 1/4 BSW</ThreadDesignation>
      <CTD>1 1/4 - 7 BSW</CTD>
      <TPI>7</TPI>
      <Thread>
        <Gender>external</Gender>
        <Class>Medium</Class>
        <MajorDia>1.2413803568595834</MajorDia>
        <PitchDia>1.1536846622100962</PitchDia>
        <MinorDia>1.0546500333703324</MinorDia>
      </Thread>
      <Thread>
        <Gender>internal</Gender>
        <Class>Medium</Class>
        <MajorDia>1.25</MajorDia>
        <PitchDia>1.1585246606204207</PitchDia>
        <MinorDia>1.0670493212408414</MinorDia>
        <TapDrill>1.1071428571428572</TapDrill>
      </Thread>
    </Designation>
  </ThreadSize>
  <ThreadSize>
    <Size>1.5</Size>
    <Designation>
      <ThreadDesignation>1 1/2 BSW</ThreadDesignation>
      <CTD>1 1/2 - 6 BSW</CTD>
      <TPI>6</TPI>
      <Thread>
        <Gender>external</Gender>
        <Class>Medium</Class>
        <MajorDia>1.4907273482602101</MajorDia>
        <PitchDia>1.388088601888673</PitchDia>
        <MinorDia>1.2732024068032197</MinorDia>
      </Thread>
      <Thread>
        <Gender>internal</Gender>
        <Class>Medium</Class>
        <MajorDia>1.5</MajorDia>
        <PitchDia>1.3932787707238241</PitchDia>
        <MinorDia>1.2865575414476482</MinorDia>
        <TapDrill>1.3333333333333333</TapDrill>
      </Thread>
    </Designation>
  </ThreadSize>
  <ThreadSize>
    <Size>1.75</Size>
    <Designation>
      <ThreadDesignation>1 3/4 BSW</ThreadDesignation>
      <CTD>1 3/4 - 5 BSW</CTD>
      <TPI>5</TPI>
      <Thread>
        <Gender>external</Gender>
        <Class>Medium</Class>
        <MajorDia>1.7399401199344555</MajorDia>
        <PitchDia>1.616346780758044</PitchDia>
        <MinorDia>1.4793370337166336</MinorDia>
      </Thread>
      <Thread>
        <Gender>internal</Gender>
        <Class>Medium</Class>
        <MajorDia>1.75</MajorDia>
        <PitchDia>1.621934524868589</PitchDia>
        <MinorDia>1.4938690497371778</MinorDia>
        <TapDrill>1.55</TapDrill>
      </Thread>
    </Designation>
  </ThreadSize>
  <ThreadSize>
    <Size>2</Size>
    <Designation>
      <ThreadDesignation>2 BSW</ThreadDesignation>
      <CTD>2 - 4.5 BSW</CTD>
      <TPI>4.5</TPI>
      <Thread>
        <Gender>external</Gender>
        <Class>Medium</Class>
        <MajorDia>1.989416626248405</MajorDia>
        <PitchDia>1.8518356990880809</PitchDia>
        <MinorDia>1.7001126363040255</MinorDia>
      </Thread>
      <Thread>
        <Gender>internal</Gender>
        <Class>Medium</Class>
        <MajorDia>2</MajorDia>
        <PitchDia>1.8577050276317655</PitchDia>
        <MinorDia>1.715410055263531</MinorDia>
        <TapDrill>1.7777777777777777</TapDrill>
      </Thread>
    </Designation>
  </ThreadSize>
  <ThreadSize>
    <Size>2.25</Size>
    <Designation>
      <ThreadDesignation>2 1/4 BSW</ThreadDesignation>
      <CTD>2 1/4 - 4 BSW</CTD>
      <TPI>4</TPI>
      <Thread>
        <Gender>external</Gender>
        <Class>Medium</Class>
        <MajorDia>2.2388265917388352</MajorDia>
        <PitchDia>2.0837447478245714</PitchDia>
        <MinorDia>1.9136629039103077</MinorDia>
      </Thread>
      <Thread>
        <Gender>internal</Gender>
        <Class>Medium</Class>
        <MajorDia>2.25</MajorDia>
        <PitchDia>2.0899181560857363</PitchDia>
        <MinorDia>1.9298363121714723</MinorDia>
        <TapDrill>2</TapDrill>
      </Thread>
    </Designation>
  </ThreadSize>
  <ThreadSize>
    <Size>2.5</Size>
    <Designation>
      <ThreadDesignation>2 1/2 BSW</ThreadDesignation>
      <CTD>2 1/2 - 4 BSW</CTD>
      <TPI>4</TPI>
      <Thread>
        <Gender>external</Gender>
        <Class>Medium</Class>
        <MajorDia>2.4887329155164495</MajorDia>
        <PitchDia>2.3336510716021857</PitchDia>
        <MinorDia>2.1635692276879217</MinorDia>
      </Thread>
      <Thread>
        <Gender>internal</Gender>
        <Class>Medium</Class>
        <MajorDia>2.5</MajorDia>
        <PitchDia>2.3399181560857363</PitchDia>
        <MinorDia>2.1798363121714726</MinorDia>
        <TapDrill>2.25</TapDrill>
      </Thread>
    </Designation>
  </ThreadSize>
  <ThreadSize>
    <Size>2.75</Size>
    <Designation>
      <ThreadDesignation>2 3/4 BSW</ThreadDesignation>
      <CTD>2 3/4 - 3.5 BSW</CTD>
      <TPI>3.5</TPI>
      <Thread>
        <Gender>external</Gender>
        <Class>Medium</Class>
        <MajorDia>2.7380547751952413</MajorDia>
        <PitchDia>2.560449321274331</PitchDia>
        <MinorDia>2.3668081928386755</MinorDia>
      </Thread>
      <Thread>
        <Gender>internal</Gender>
        <Class>Medium</Class>
        <MajorDia>2.75</MajorDia>
        <PitchDia>2.5670493212408414</PitchDia>
        <MinorDia>2.384098642481683</MinorDia>
        <TapDrill>2.4642857142857144</TapDrill>
      </Thread>
    </Designation>
  </ThreadSize>
  <ThreadSize>
    <Size>3</Size>
    <Designation>
      <ThreadDesignation>3 BSW</ThreadDesignation>
      <CTD>3 - 3.5 BSW</CTD>
      <TPI>3.5</TPI>
      <Thread>
        <Gender>external</Gender>
        <Class>Medium</Class>
        <MajorDia>2.987972315385282</MajorDia>
        <PitchDia>2.8103668614643715</PitchDia>
        <MinorDia>2.616725733028716</MinorDia>
      </Thread>
      <Thread>
        <Gender>internal</Gender>
        <Class>Medium</Class>
        <MajorDia>3</MajorDia>
        <PitchDia>2.8170493212408414</PitchDia>
        <MinorDia>2.634098642481683</MinorDia>
        <TapDrill>2.7142857142857144</TapDrill>
      </Thread>
    </Designation>
  </ThreadSize>
  <ThreadSize>
    <Size>3.25</Size>
    <Designation>
      <ThreadDesignation>3 1/4 BSW</ThreadDesignation>
      <CTD>3 1/4 - 3.25 BSW</CTD>
      <TPI>3.25</TPI>
      <Thread>
        <Gender>external</Gender>
        <Class>Medium</Class>
        <MajorDia>3.2375491719528937</MajorDia>
        <PitchDia>3.0460723660206677</PitchDia>
        <MinorDia>2.8379545542016844</MinorDia>
      </Thread>
      <Thread>
        <Gender>internal</Gender>
        <Class>Medium</Class>
        <MajorDia>3.25</MajorDia>
        <PitchDia>3.0529761921055214</PitchDia>
        <MinorDia>2.855952384211043</MinorDia>
        <TapDrill>2.9423076923076925</TapDrill>
      </Thread>
    </Designation>
  </ThreadSize>
  <ThreadSize>
    <Size>3.5</Size>
    <Designation>
      <ThreadDesignation>3 1/2 BSW</ThreadDesignation>
      <CTD>3 1/2 - 3.25 BSW</CTD>
      <TPI>3.25</TPI>
      <Thread>
        <Gender>external</Gender>
        <Class>Medium</Class>
        <MajorDia>3.4874750790494256</MajorDia>
        <PitchDia>3.295998273117199</PitchDia>
        <MinorDia>3.0878804612982163</MinorDia>
      </Thread>
      <Thread>
        <Gender>internal</Gender>
        <Class>Medium</Class>
        <MajorDia>3.5</MajorDia>
        <PitchDia>3.3029761921055214</PitchDia>
        <MinorDia>3.105952384211043</MinorDia>
        <TapDrill>3.1923076923076925</TapDrill>
      </Thread>
    </Designation>
  </ThreadSize>
  <ThreadSize>
    <Size>3.75</Size>
    <Designation>
      <ThreadDesignation>3 3/4 BSW</ThreadDesignation>
      <CTD>3 3/4 - 3 BSW</CTD>
      <TPI>3</TPI>
      <Thread>
        <Gender>external</Gender>
        <Class>Medium</Class>
        <MajorDia>3.737016998458194</MajorDia>
        <PitchDia>3.5293480425977384</PitchDia>
        <MinorDia>3.304358578661594</MinorDia>
      </Thread>
      <Thread>
        <Gender>internal</Gender>
        <Class>Medium</Class>
        <MajorDia>3.75</MajorDia>
        <PitchDia>3.5365575414476482</PitchDia>
        <MinorDia>3.3231150828952964</MinorDia>
        <TapDrill>3.4166666666666665</TapDrill>
      </Thread>
    </Designation>
  </ThreadSize>
  <ThreadSize>
    <Size>4</Size>
    <Designation>
      <ThreadDesignation>4 BSW</ThreadDesignation>
      <CTD>4 - 3 BSW</CTD>
      <TPI>3</TPI>
      <Thread>
        <Gender>external</Gender>
        <Class>Medium</Class>
        <MajorDia>3.9869494288602114</MajorDia>
        <PitchDia>3.779280472999756</PitchDia>
        <MinorDia>3.5542910090636117</MinorDia>
      </Thread>
      <Thread>
        <Gender>internal</Gender>
        <Class>Medium</Class>
        <MajorDia>4</MajorDia>
        <PitchDia>3.7865575414476482</PitchDia>
        <MinorDia>3.5731150828952964</MinorDia>
        <TapDrill>3.6666666666666665</TapDrill>
      </Thread>
    </Designation>
  </ThreadSize>
  <ThreadSize>
    <Size>4.5</Size>
    <Designation>
      <ThreadDesignation>4 1/2 BSW</ThreadDesignation>
      <CTD>4 1/2 - 2.875 BSW</CTD>
      <TPI>2.875</TPI>
      <Thread>
        <Gender>external</Gender>
        <Class>Medium</Class>
        <MajorDia>4.486609897285464</MajorDia>
        <PitchDia>4.269785010085728</PitchDia>
        <MinorDia>4.035267088147403</MinorDia>
      </Thread>
      <Thread>
        <Gender>internal</Gender>
        <Class>Medium</Class>
        <MajorDia>4.5</MajorDia>
        <PitchDia>4.277277434554068</PitchDia>
        <MinorDia>4.054554869108135</MinorDia>
        <TapDrill>4.1521739130434785</TapDrill>
      </Thread>
    </Designation>
  </ThreadSize>
  <ThreadSize>
    <Size>5</Size>
    <Designation>
      <ThreadDesignation>5 BSW</ThreadDesignation>
      <CTD>5 - 2.75 BSW</CTD>
      <TPI>2.75</TPI>
      <Thread>
        <Gender>external</Gender>
        <Class>Medium</Class>
        <MajorDia>4.98626514375952</MajorDia>
        <PitchDia>4.7594490522303285</PitchDia>
        <MinorDia>4.51454228002647</MinorDia>
      </Thread>
      <Thread>
        <Gender>internal</Gender>
        <Class>Medium</Class>
        <MajorDia>5</MajorDia>
        <PitchDia>4.767153681579253</PitchDia>
        <MinorDia>4.534307363158505</MinorDia>
        <TapDrill>4.636363636363637</TapDrill>
      </Thread>
    </Designation>
  </ThreadSize>
  <ThreadSize>
    <Size>5.5</Size>
    <Designation>
      <ThreadDesignation>5 1/2 BSW</ThreadDesignation>
      <CTD>5 1/2 - 2.625 BSW</CTD>
      <TPI>2.625</TPI>
      <Thread>
        <Gender>external</Gender>
        <Class>Medium</Class>
        <MajorDia>5.485912010475225</MajorDia>
        <PitchDia>5.248149906128164</PitchDia>
        <MinorDia>4.991871399785651</MinorDia>
      </Thread>
      <Thread>
        <Gender>internal</Gender>
        <Class>Medium</Class>
        <MajorDia>5.5</MajorDia>
        <PitchDia>5.2560657616544555</PitchDia>
        <MinorDia>5.01213152330891</MinorDia>
        <TapDrill>5.119047619047619</TapDrill>
      </Thread>
    </Designation>
  </ThreadSize>
  <ThreadSize>
    <Size>6</Size>
    <Designation>
      <ThreadDesignation>6 BSW</ThreadDesignation>
      <CTD>6 - 2.5 BSW</CTD>
      <TPI>2.5</TPI>
      <Thread>
        <Gender>external</Gender>
        <Class>Medium</Class>
        <MajorDia>5.985547395867041</MajorDia>
        <PitchDia>5.7357410009245555</PitchDia>
        <MinorDia>5.46696094002106</MinorDia>
      </Thread>
      <Thread>
        <Gender>internal</Gender>
        <Class>Medium</Class>
        <MajorDia>6</MajorDia>
        <PitchDia>5.743869049737178</PitchDia>
        <MinorDia>5.487738099474356</MinorDia>
        <TapDrill>5.6</TapDrill>
      </Thread>
    </Designation>
  </ThreadSize>
  <ThreadSize>
    <Size>0.1875</Size>
    <Designation>
      <ThreadDesignation>3/16 BSF</ThreadDesignation>
      <CTD>3/16 - 32 BSF</CTD>
      <TPI>32</TPI>
      <Thread>
        <Gender>external</Gender>
        <Class>Medium</Class>
        <MajorDia>0.1833314613880197</MajorDia>
        <PitchDia>0.16508899785170308</PitchDia>
        <MinorDia>0.14154323345648737</MinorDia>
      </Thread>
      <Thread>
        <Gender>internal</Gender>
        <Class>Medium</Class>
        <MajorDia>0.1875</MajorDia>
        <PitchDia>0.16748976951071703</PitchDia>
        <MinorDia>0.14747953902143404</MinorDia>
        <TapDrill>0.15625</TapDrill>
      </Thread>
    </Designation>
  </ThreadSize>
  <ThreadSize>
    <Size>0.2188</Size>
    <Designation>
      <ThreadDesignation>7/32 BSF</ThreadDesignation>
      <CTD>7/32 - 28 BSF</CTD>
      <TPI>28</TPI>
      <Thread>
        <Gender>external</Gender>
        <Class>Medium</Class>
        <MajorDia>0.2143622328347711</MajorDia>
        <PitchDia>0.1933832203549224</PitchDia>
        <MinorDia>0.1667347407799353</MinorDia>
      </Thread>
      <Thread>
        <Gender>internal</Gender>
        <Class>Medium</Class>
        <MajorDia>0.2188</MajorDia>
        <PitchDia>0.19593116515510517</PitchDia>
        <MinorDia>0.17306233031021034</MinorDia>
        <TapDrill>0.1830857142857143</TapDrill>
      </Thread>
    </Designation>
  </ThreadSize>
  <ThreadSize>
    <Size>0.25</Size>
    <Designation>
      <ThreadDesignation>1/4 BSF</ThreadDesignation>
      <CTD>1/4 - 26 BSF</CTD>
      <TPI>26</TPI>
      <Thread>
        <Gender>external</Gender>
        <Class>Medium</Class>
        <MajorDia>0.24538544700796158</MajorDia>
        <PitchDia>0.2227186323725336</PitchDia>
        <MinorDia>0.1941683336829601</MinorDia>
      </Thread>
      <Thread>
        <Gender>internal</Gender>
        <Class>Medium</Class>
        <MajorDia>0.25</MajorDia>
        <PitchDia>0.22537202401319018</PitchDia>
        <MinorDia>0.20074404802638035</MinorDia>
        <TapDrill>0.21153846153846154</TapDrill>
      </Thread>
    </Designation>
  </ThreadSize>
  <ThreadSize>
    <Size>0.2812</Size>
    <Designation>
      <ThreadDesignation>9/32 BSF</ThreadDesignation>
      <CTD>9/32 - 26 BSF</CTD>
      <TPI>26</TPI>
      <Thread>
        <Gender>external</Gender>
        <Class>Medium</Class>
        <MajorDia>0.2765350750169509</MajorDia>
        <PitchDia>0.25386826038152294</PitchDia>
        <MinorDia>0.22531796169194943</MinorDia>
      </Thread>
      <Thread>
        <Gender>internal</Gender>
        <Class>Medium</Class>
        <MajorDia>0.2812</MajorDia>
        <PitchDia>0.2565720240131902</PitchDia>
        <MinorDia>0.23194404802638036</MinorDia>
        <TapDrill>0.24273846153846154</TapDrill>
      </Thread>
    </Designation>
  </ThreadSize>
  <ThreadSize>
    <Size>0.3125</Size>
    <Designation>
      <ThreadDesignation>5/16 BSF</ThreadDesignation>
      <CTD>5/16 - 22 BSF</CTD>
      <TPI>22</TPI>
      <Thread>
        <Gender>external</Gender>
        <Class>Medium</Class>
        <MajorDia>0.30749592178613083</MajorDia>
        <PitchDia>0.28052213914709345</PitchDia>
        <MinorDia>0.24715233501738784</MinorDia>
      </Thread>
      <Thread>
        <Gender>internal</Gender>
        <Class>Medium</Class>
        <MajorDia>0.3125</MajorDia>
        <PitchDia>0.28339421019740657</PitchDia>
        <MinorDia>0.25428842039481314</MinorDia>
        <TapDrill>0.26704545454545453</TapDrill>
      </Thread>
    </Designation>
  </ThreadSize>
  <ThreadSize>
    <Size>0.375</Size>
    <Designation>
      <ThreadDesignation>3/8 BSF</ThreadDesignation>
      <CTD>3/8 - 20 BSF</CTD>
      <TPI>20</TPI>
      <Thread>
        <Gender>external</Gender>
        <Class>Medium</Class>
        <MajorDia>0.3697328815290079</MajorDia>
        <PitchDia>0.339952580723655</PitchDia>
        <MinorDia>0.3034640759858026</MinorDia>
      </Thread>
      <Thread>
        <Gender>internal</Gender>
        <Class>Medium</Class>
        <MajorDia>0.375</MajorDia>
        <PitchDia>0.34298363121714726</PitchDia>
        <MinorDia>0.31096726243429446</MinorDia>
        <TapDrill>0.325</TapDrill>
      </Thread>
    </Designation>
  </ThreadSize>
  <ThreadSize>
    <Size>0.4375</Size>
    <Designation>
      <ThreadDesignation>7/16 BSF</ThreadDesignation>
      <CTD>7/16 - 18 BSF</CTD>
      <TPI>18</TPI>
      <Thread>
        <Gender>external</Gender>
        <Class>Medium</Class>
        <MajorDia>0.43194993968815953</MajorDia>
        <PitchDia>0.39873321920005605</PitchDia>
        <MinorDia>0.3584454309000871</MinorDia>
      </Thread>
      <Thread>
        <Gender>internal</Gender>
        <Class>Medium</Class>
        <MajorDia>0.4375</MajorDia>
        <PitchDia>0.40192625690794137</PitchDia>
        <MinorDia>0.36635251381588274</MinorDia>
        <TapDrill>0.3819444444444444</TapDrill>
      </Thread>
    </Designation>
  </ThreadSize>
  <ThreadSize>
    <Size>0.5</Size>
    <Designation>
      <ThreadDesignation>1/2 BSF</ThreadDesignation>
      <CTD>1/2 - 16 BSF</CTD>
      <TPI>16</TPI>
      <Thread>
        <Gender>external</Gender>
        <Class>Medium</Class>
        <MajorDia>0.4941362655145539</MajorDia>
        <PitchDia>0.456615804535988</PitchDia>
        <MinorDia>0.411595343557422</MinorDia>
      </Thread>
      <Thread>
        <Gender>internal</Gender>
        <Class>Medium</Class>
        <MajorDia>0.5</MajorDia>
        <PitchDia>0.45997953902143407</PitchDia>
        <MinorDia>0.4199590780428681</MinorDia>
        <TapDrill>0.4375</TapDrill>
      </Thread>
    </Designation>
  </ThreadSize>
  <ThreadSize>
    <Size>0.5625</Size>
    <Designation>
      <ThreadDesignation>9/16 BSF</ThreadDesignation>
      <CTD>9/16 - 16 BSF</CTD>
      <TPI>16</TPI>
      <Thread>
        <Gender>external</Gender>
        <Class>Medium</Class>
        <MajorDia>0.5565727029420748</MajorDia>
        <PitchDia>0.5190522419635089</PitchDia>
        <MinorDia>0.47403178098494286</MinorDia>
      </Thread>
      <Thread>
        <Gender>internal</Gender>
        <Class>Medium</Class>
        <MajorDia>0.5625</MajorDia>
        <PitchDia>0.5224795390214341</PitchDia>
        <MinorDia>0.4824590780428681</MinorDia>
        <TapDrill>0.5</TapDrill>
      </Thread>
    </Designation>
  </ThreadSize>
  <ThreadSize>
    <Size>0.625</Size>
    <Designation>
      <ThreadDesignation>5/8 BSF</ThreadDesignation>
      <CTD>5/8 - 14 BSF</CTD>
      <TPI>14</TPI>
      <Thread>
        <Gender>external</Gender>
        <Class>Medium</Class>
        <MajorDia>0.6187184313162716</MajorDia>
        <PitchDia>0.5756533740456062</PitchDia>
        <MinorDia>0.5245704795175681</MinorDia>
      </Thread>
      <Thread>
        <Gender>internal</Gender>
        <Class>Medium</Class>
        <MajorDia>0.625</MajorDia>
        <PitchDia>0.5792623303102103</PitchDia>
        <MinorDia>0.5335246606204207</MinorDia>
        <TapDrill>0.5535714285714286</TapDrill>
      </Thread>
    </Designation>
  </ThreadSize>
  <ThreadSize>
    <Size>0.6875</Size>
    <Designation>
      <ThreadDesignation>11/16 BSF</ThreadDesignation>
      <CTD>11/16 - 14 BSF</CTD>
      <TPI>14</TPI>
      <Thread>
        <Gender>external</Gender>
        <Class>Medium</Class>
        <MajorDia>0.6811632330952853</MajorDia>
        <PitchDia>0.6380981758246198</PitchDia>
        <MinorDia>0.5870152812965818</MinorDia>
      </Thread>
      <Thread>
        <Gender>internal</Gender>
        <Class>Medium</Class>
        <MajorDia>0.6875</MajorDia>
        <PitchDia>0.6417623303102103</PitchDia>
        <MinorDia>0.5960246606204207</MinorDia>
        <TapDrill>0.6160714285714286</TapDrill>
      </Thread>
    </Designation>
  </ThreadSize>
  <ThreadSize>
    <Size>0.75</Size>
    <Designation>
      <ThreadDesignation>3/4 BSF</ThreadDesignation>
      <CTD>3/4 - 12 BSF</CTD>
      <TPI>12</TPI>
      <Thread>
        <Gender>external</Gender>
        <Class>Medium</Class>
        <MajorDia>0.7432449948892418</MajorDia>
        <PitchDia>0.6927711315971019</PitchDia>
        <MinorDia>0.6336370142671177</MinorDia>
      </Thread>
      <Thread>
        <Gender>internal</Gender>
        <Class>Medium</Class>
        <MajorDia>0.75</MajorDia>
        <PitchDia>0.6966393853619121</PitchDia>
        <MinorDia>0.6432787707238241</MinorDia>
        <TapDrill>0.6666666666666666</TapDrill>
      </Thread>
    </Designation>
  </ThreadSize>
  <ThreadSize>
    <Size>0.875</Size>
    <Designation>
      <ThreadDesignation>7/8 BSF</ThreadDesignation>
      <CTD>7/8 - 11 BSF</CTD>
      <TPI>11</TPI>
      <Thread>
        <Gender>external</Gender>
        <Class>Medium</Class>
        <MajorDia>0.8679296166436645</MajorDia>
        <PitchDia>0.8127331504842553</PitchDia>
        <MinorDia>0.7484913439875132</MinorDia>
      </Thread>
      <Thread>
        <Gender>internal</Gender>
        <Class>Medium</Class>
        <MajorDia>0.875</MajorDia>
        <PitchDia>0.8167884203948131</PitchDia>
        <MinorDia>0.7585768407896263</MinorDia>
        <TapDrill>0.7840909090909091</TapDrill>
      </Thread>
    </Designation>
  </ThreadSize>
  <ThreadSize>
    <Size>1</Size>
    <Designation>
      <ThreadDesignation>1 BSF</ThreadDesignation>
      <CTD>1 - 10 BSF</CTD>
      <TPI>10</TPI>
      <Thread>
        <Gender>external</Gender>
        <Class>Medium</Class>
        <MajorDia>0.9925908185263527</MajorDia>
        <PitchDia>0.9317203586208156</PitchDia>
        <MinorDia>0.8613630657347732</MinorDia>
      </Thread>
      <Thread>
        <Gender>internal</Gender>
        <Class>Medium</Class>
        <MajorDia>1</MajorDia>
        <PitchDia>0.9359672624342945</PitchDia>
        <MinorDia>0.8719345248685889</MinorDia>
        <TapDrill>0.9</TapDrill>
      </Thread>
    </Designation>
  </ThreadSize>
  <ThreadSize>
    <Size>1.125</Size>
    <Designation>
      <ThreadDesignation>1 1/8 BSF</ThreadDesignation>
      <CTD>1 1/8 - 9 BSF</CTD>
      <TPI>9</TPI>
      <Thread>
        <Gender>external</Gender>
        <Class>Medium</Class>
        <MajorDia>1.1172181382656443</MajorDia>
        <PitchDia>1.0494039854148602</PitchDia>
        <MinorDia>0.9715898325640764</MinorDia>
      </Thread>
      <Thread>
        <Gender>internal</Gender>
        <Class>Medium</Class>
        <MajorDia>1.125</MajorDia>
        <PitchDia>1.0538525138158827</PitchDia>
        <MinorDia>0.9827050276317655</MinorDia>
        <TapDrill>1.0138888888888888</TapDrill>
      </Thread>
    </Designation>
  </ThreadSize>
  <ThreadSize>
    <Size>1.25</Size>
    <Designation>
      <ThreadDesignation>1 1/4 BSF</ThreadDesignation>
      <CTD>1 1/4 - 9 BSF</CTD>
      <TPI>9</TPI>
      <Thread>
        <Gender>external</Gender>
        <Class>Medium</Class>
        <MajorDia>1.2421437873986643</MajorDia>
        <PitchDia>1.1743296345478804</PitchDia>
        <MinorDia>1.0965154816970963</MinorDia>
      </Thread>
      <Thread>
        <Gender>internal</Gender>
        <Class>Medium</Class>
        <MajorDia>1.25</MajorDia>
        <PitchDia>1.1788525138158827</PitchDia>
        <MinorDia>1.1077050276317655</MinorDia>
        <TapDrill>1.1388888888888888</TapDrill>
      </Thread>
    </Designation>
  </ThreadSize>
  <ThreadSize>
    <Size>1.375</Size>
    <Designation>
      <ThreadDesignation>1 3/8 BSF</ThreadDesignation>
      <CTD>1 3/8 - 8 BSF</CTD>
      <TPI>8</TPI>
      <Thread>
        <Gender>external</Gender>
        <Class>Medium</Class>
        <MajorDia>1.3667283711705767</MajorDia>
        <PitchDia>1.2902229831193777</PitchDia>
        <MinorDia>1.2031109933503803</MinorDia>
      </Thread>
      <Thread>
        <Gender>internal</Gender>
        <Class>Medium</Class>
        <MajorDia>1.375</MajorDia>
        <PitchDia>1.2949590780428681</PitchDia>
        <MinorDia>1.2149181560857363</MinorDia>
        <TapDrill>1.25</TapDrill>
      </Thread>
    </Designation>
  </ThreadSize>
  <ThreadSize>
    <Size>1.5</Size>
    <Designation>
      <ThreadDesignation>1 1/2 BSF</ThreadDesignation>
      <CTD>1 1/2 - 8 BSF</CTD>
      <TPI>8</TPI>
      <Thread>
        <Gender>external</Gender>
        <Class>Medium</Class>
        <MajorDia>1.4916629227760394</MajorDia>
        <PitchDia>1.4151575347248402</PitchDia>
        <MinorDia>1.3280455449558428</MinorDia>
      </Thread>
      <Thread>
        <Gender>internal</Gender>
        <Class>Medium</Class>
        <MajorDia>1.5</MajorDia>
        <PitchDia>1.4199590780428681</PitchDia>
        <MinorDia>1.3399181560857363</MinorDia>
        <TapDrill>1.375</TapDrill>
      </Thread>
    </Designation>
  </ThreadSize>
  <ThreadSize>
    <Size>1.625</Size>
    <Designation>
      <ThreadDesignation>1 5/8 BSF</ThreadDesignation>
      <CTD>1 5/8 - 8 BSF</CTD>
      <TPI>8</TPI>
      <Thread>
        <Gender>external</Gender>
        <Class>Medium</Class>
        <MajorDia>1.6166010165734253</MajorDia>
        <PitchDia>1.5400956285222263</PitchDia>
        <MinorDia>1.452983638753229</MinorDia>
      </Thread>
      <Thread>
        <Gender>internal</Gender>
        <Class>Medium</Class>
        <MajorDia>1.625</MajorDia>
        <PitchDia>1.5449590780428681</PitchDia>
        <MinorDia>1.4649181560857363</MinorDia>
        <TapDrill>1.5</TapDrill>
      </Thread>
    </Designation>
  </ThreadSize>
  <ThreadSize>
    <Size>1.75</Size>
    <Designation>
      <ThreadDesignation>1 3/4 BSF</ThreadDesignation>
      <CTD>1 3/4 - 7 BSF</CTD>
      <TPI>7</TPI>
      <Thread>
        <Gender>external</Gender>
        <Class>Medium</Class>
        <MajorDia>1.74112464928544</MajorDia>
        <PitchDia>1.6534289546359529</PitchDia>
        <MinorDia>1.554394325796189</MinorDia>
      </Thread>
      <Thread>
        <Gender>internal</Gender>
        <Class>Medium</Class>
        <MajorDia>1.75</MajorDia>
        <PitchDia>1.6585246606204207</PitchDia>
        <MinorDia>1.5670493212408414</MinorDia>
        <TapDrill>1.6071428571428572</TapDrill>
      </Thread>
    </Designation>
  </ThreadSize>
  <ThreadSize>
    <Size>2</Size>
    <Designation>
      <ThreadDesignation>2 BSF</ThreadDesignation>
      <CTD>2 - 7 BSF</CTD>
      <TPI>7</TPI>
      <Thread>
        <Gender>external</Gender>
        <Class>Medium</Class>
        <MajorDia>1.9910149494498255</MajorDia>
        <PitchDia>1.9033192548003384</PitchDia>
        <MinorDia>1.8042846259605745</MinorDia>
      </Thread>
      <Thread>
        <Gender>internal</Gender>
        <Class>Medium</Class>
        <MajorDia>2</MajorDia>
        <PitchDia>1.9085246606204207</PitchDia>
        <MinorDia>1.8170493212408414</MinorDia>
        <TapDrill>1.8571428571428572</TapDrill>
      </Thread>
    </Designation>
  </ThreadSize>
  <ThreadSize>
    <Size>2.25</Size>
    <Designation>
      <ThreadDesignation>2 1/4 BSF</ThreadDesignation>
      <CTD>2 1/4 - 6 BSF</CTD>
      <TPI>6</TPI>
      <Thread>
        <Gender>external</Gender>
        <Class>Medium</Class>
        <MajorDia>2.240396035351108</MajorDia>
        <PitchDia>2.13775728897957</PitchDia>
        <MinorDia>2.0228710938941172</MinorDia>
      </Thread>
      <Thread>
        <Gender>internal</Gender>
        <Class>Medium</Class>
        <MajorDia>2.25</MajorDia>
        <PitchDia>2.143278770723824</PitchDia>
        <MinorDia>2.0365575414476482</MinorDia>
        <TapDrill>2.0833333333333335</TapDrill>
      </Thread>
    </Designation>
  </ThreadSize>
  <ThreadSize>
    <Size>2.5</Size>
    <Designation>
      <ThreadDesignation>2 1/2 BSF</ThreadDesignation>
      <CTD>2 1/2 - 6 BSF</CTD>
      <TPI>6</TPI>
      <Thread>
        <Gender>external</Gender>
        <Class>Medium</Class>
        <MajorDia>2.4903023591287217</MajorDia>
        <PitchDia>2.3876636127571844</PitchDia>
        <MinorDia>2.2727774176717315</MinorDia>
      </Thread>
      <Thread>
        <Gender>internal</Gender>
        <Class>Medium</Class>
        <MajorDia>2.5</MajorDia>
        <PitchDia>2.393278770723824</PitchDia>
        <MinorDia>2.2865575414476482</MinorDia>
        <TapDrill>2.3333333333333335</TapDrill>
      </Thread>
    </Designation>
  </ThreadSize>
  <ThreadSize>
    <Size>2.75</Size>
    <Designation>
      <ThreadDesignation>2 3/4 BSF</ThreadDesignation>
      <CTD>2 3/4 - 6 BSF</CTD>
      <TPI>6</TPI>
      <Thread>
        <Gender>external</Gender>
        <Class>Medium</Class>
        <MajorDia>2.7402147374146613</MajorDia>
        <PitchDia>2.637575991043124</PitchDia>
        <MinorDia>2.522689795957671</MinorDia>
      </Thread>
      <Thread>
        <Gender>internal</Gender>
        <Class>Medium</Class>
        <MajorDia>2.75</MajorDia>
        <PitchDia>2.643278770723824</PitchDia>
        <MinorDia>2.5365575414476482</MinorDia>
        <TapDrill>2.5833333333333335</TapDrill>
      </Thread>
    </Designation>
  </ThreadSize>
  <ThreadSize>
    <Size>3</Size>
    <Designation>
      <ThreadDesignation>3 BSF</ThreadDesignation>
      <CTD>3 - 5 BSF</CTD>
      <TPI>5</TPI>
      <Thread>
        <Gender>external</Gender>
        <Class>Medium</Class>
        <MajorDia>2.989465763058016</MajorDia>
        <PitchDia>2.8658724238816045</PitchDia>
        <MinorDia>2.7288626768401945</MinorDia>
      </Thread>
      <Thread>
        <Gender>internal</Gender>
        <Class>Medium</Class>
        <MajorDia>3</MajorDia>
        <PitchDia>2.871934524868589</PitchDia>
        <MinorDia>2.743869049737178</MinorDia>
        <TapDrill>2.8</TapDrill>
      </Thread>
    </Designation>
  </ThreadSize>
  <ThreadSize>
    <Size>3.25</Size>
    <Designation>
      <ThreadDesignation>3 1/4 BSF</ThreadDesignation>
      <CTD>3 1/4 - 5 BSF</CTD>
      <TPI>5</TPI>
      <Thread>
        <Gender>external</Gender>
        <Class>Medium</Class>
        <MajorDia>3.2393877661302235</MajorDia>
        <PitchDia>3.115794426953812</PitchDia>
        <MinorDia>2.9787846799124016</MinorDia>
      </Thread>
      <Thread>
        <Gender>internal</Gender>
        <Class>Medium</Class>
        <MajorDia>3.25</MajorDia>
        <PitchDia>3.121934524868589</PitchDia>
        <MinorDia>2.993869049737178</MinorDia>
        <TapDrill>3.05</TapDrill>
      </Thread>
    </Designation>
  </ThreadSize>
  <ThreadSize>
    <Size>3.5</Size>
    <Designation>
      <ThreadDesignation>3 1/2 BSF</ThreadDesignation>
      <CTD>3 1/2 - 4.5 BSF</CTD>
      <TPI>4.5</TPI>
      <Thread>
        <Gender>external</Gender>
        <Class>Medium</Class>
        <MajorDia>3.4888998793763193</MajorDia>
        <PitchDia>3.351318952215995</PitchDia>
        <MinorDia>3.1995958894319396</MinorDia>
      </Thread>
      <Thread>
        <Gender>internal</Gender>
        <Class>Medium</Class>
        <MajorDia>3.5</MajorDia>
        <PitchDia>3.3577050276317655</PitchDia>
        <MinorDia>3.215410055263531</MinorDia>
        <TapDrill>3.2777777777777777</TapDrill>
      </Thread>
    </Designation>
  </ThreadSize>
  <ThreadSize>
    <Size>3.75</Size>
    <Designation>
      <ThreadDesignation>3 3/4 BSF</ThreadDesignation>
      <CTD>3 3/4 - 4.5 BSF</CTD>
      <TPI>4.5</TPI>
      <Thread>
        <Gender>external</Gender>
        <Class>Medium</Class>
        <MajorDia>3.738829235842241</MajorDia>
        <PitchDia>3.6012483086819165</PitchDia>
        <MinorDia>3.4495252458978616</MinorDia>
      </Thread>
      <Thread>
        <Gender>internal</Gender>
        <Class>Medium</Class>
        <MajorDia>3.75</MajorDia>
        <PitchDia>3.6077050276317655</PitchDia>
        <MinorDia>3.465410055263531</MinorDia>
        <TapDrill>3.5277777777777777</TapDrill>
      </Thread>
    </Designation>
  </ThreadSize>
  <ThreadSize>
    <Size>4</Size>
    <Designation>
      <ThreadDesignation>4 BSF</ThreadDesignation>
      <CTD>4 - 4.5 BSF</CTD>
      <TPI>4.5</TPI>
      <Thread>
        <Gender>external</Gender>
        <Class>Medium</Class>
        <MajorDia>3.988761666244258</MajorDia>
        <PitchDia>3.8511807390839343</PitchDia>
        <MinorDia>3.699457676299879</MinorDia>
      </Thread>
      <Thread>
        <Gender>internal</Gender>
        <Class>Medium</Class>
        <MajorDia>4</MajorDia>
        <PitchDia>3.8577050276317655</PitchDia>
        <MinorDia>3.715410055263531</MinorDia>
        <TapDrill>3.7777777777777777</TapDrill>
      </Thread>
    </Designation>
  </ThreadSize>
  <ThreadSize>
    <Size>4.25</Size>
    <Designation>
      <ThreadDesignation>4 1/4 BSF</ThreadDesignation>
      <CTD>4 1/4 - 4 BSF</CTD>
      <TPI>4</TPI>
      <Thread>
        <Gender>external</Gender>
        <Class>Medium</Class>
        <MajorDia>4.238207721331767</MajorDia>
        <PitchDia>4.083125877417503</PitchDia>
        <MinorDia>3.9130440335032395</MinorDia>
      </Thread>
      <Thread>
        <Gender>internal</Gender>
        <Class>Medium</Class>
        <MajorDia>4.25</MajorDia>
        <PitchDia>4.089918156085736</PitchDia>
        <MinorDia>3.9298363121714726</MinorDia>
        <TapDrill>4</TapDrill>
      </Thread>
    </Designation>
  </ThreadSize>

</ThreadType>