{
   "8":[
      1.5
   ],
   "9":[
      1.5,
      2
   ],
   "10":[
      1.5,
      2
   ],
   "11":[
      2,
      3
   ],
   "12":[
      2,
      3
   ],
   "14":[
      2,
      3
   ],
   "16":[
      2,
      3,
      4
   ],
   "18":[
      2,
      3,
      4
   ],
   "20":[
      2,
      3,
      4
   ],
   "22":[
      3,
      5,
      8
   ],
   "24":[
      3,
      5,
      8
   ],
   "26":[
      3,
      5,
      8
   ],
   "28":[
      3,
      5,
      8
   ],
   "30":[
      3,
      6,
      10
   ],
   "32":[
      3,
      6,
      10
   ],
   "34":[
      3,
      6,
      10
   ],
   "36":[
      3,
      6,
      10
   ],
   "38":[
      3,
      7,
      10
   ],
   "40":[
      3,
      7,
      10
   ],
   "42":[
      3,
      7,
      10
   ],
   "44":[
      3,
      7,
      12
   ],
   "46":[
      3,
      8,
      12
   ],
   "48":[
      3,
      8,
      12
   ],
   "50":[
      3,
      8,
      12
   ],
   "52":[
      3,
      8,
      12
   ],
   "55":[
      3,
      9,
      14
   ],
   "60":[
      3,
      9,
      14
   ],
   "65":[
      4,
      10,
      16
   ],
   "70":[
      4,
      10,
      16
   ],
   "75":[
      4,
      10,
      16
   ],
   "80":[
      4,
      10,
      16
   ],
   "85":[
      4,
      12,
      18
   ],
   "90":[
      4,
      12,
      18
   ],
   "95":[
      4,
      12,
      18
   ],
   "100":[
      4,
      12,
      20
   ],
   "105":[
      4,
      12,
      20
   ],
   "110":[
      4,
      12,
      20
   ],
   "115":[
      6,
      12,
      14,
      22
   ],
   "120":[
      6,
      12,
      14,
      22
   ],
   "125":[
      6,
      12,
      14,
      22
   ],
   "130":[
      6,
      12,
      14,
      22
   ],
   "135":[
      6,
      12,
      14,
      24
   ],
   "140":[
      6,
      12,
      14,
      24
   ],
   "145":[
      6,
      12,
      14,
      24
   ],
   "150":[
      6,
      12,
      16,
      24
   ],
   "155":[
      6,
      12,
      16,
      24
   ],
   "160":[
      6,
      12,
      16,
      28
   ],
   "165":[
      6,
      12,
      16,
      28
   ],
   "170":[
      6,
      12,
      16,
      28
   ],
   "175":[
      8,
      12,
      16,
      28
   ],
   "180":[
      8,
      12,
      18,
      28
   ],
   "185":[
      8,
      12,
      18,
      24,
      32
   ],
   "190":[
      8,
      12,
      18,
      24,
      32
   ],
   "195":[
      8,
      12,
      18,
      24,
      32
   ],
   "200":[
      8,
      12,
      18,
      24,
      32
   ],
   "205":[
      4
   ],
   "210":[
      4,
      8,
      12,
      20,
      24,
      36
   ],
   "215":[
      4
   ],
   "220":[
      4,
      8,
      12,
      20,
      24,
      36
   ],
   "230":[
      4,
      8,
      12,
      20,
      24,
      36
   ],
   "235":[
      4
   ],
   "240":[
      4,
      8,
      12,
      20,
      22,
      24,
      36
   ],
   "250":[
      4,
      12,
      22,
      24,
      40
   ],
   "260":[
      4,
      12,
      20,
      22,
      24,
      40
   ],
   "270":[
      12,
      24,
      40
   ],
   "275":[
      4
   ],
   "280":[
      4,
      12,
      24,
      40
   ],
   "290":[
      4,
      12,
      24,
      44
   ],
   "295":[
      4
   ],
   "300":[
      4,
      12,
      24,
      44
   ],
   "310":[
      5
   ],
   "315":[
      5
   ],
   "320":[
      5,
      12,
      24,
      44
   ],
   "330":[
      5
   ],
   "335":[
      5
   ],
   "340":[
      5,
      12,
      24,
      28,
      44
   ],
   "345":[
      5
   ],
   "350":[
      5
   ],
   "355":[
      5
   ],
   "360":[
      5,
      12,
      24,
      28,
      44
   ],
   "365":[
      5
   ],
   "370":[
      5
   ],
   "375":[
      5
   ],
   "380":[
      5,
      12,
      24,
      28,
      32,
      44
   ],
   "385":[
      5
   ],
   "395":[
      5
   ],
   "400":[
      5,
      12,
      24,
      28,
      32,
      44
   ],
   "410":[
      5
   ],
   "415":[
      5
   ],
   "420":[
      5,
      12,
      24,
      32,
      44
   ],
   "430":[
      5
   ],
   "435":[
      5
   ],
   "440":[
      5,
      12,
      24,
      32,
      36,
      44
   ],
   "450":[
      5
   ],
   "460":[
      5,
      12,
      24,
      32,
      36,
      44
   ],
   "470":[
      5
   ],
   "480":[
      5,
      12,
      24,
      36,
      44
   ],
   "490":[
      5
   ],
   "500":[
      5,
      12,
      24,
      36,
      40,
      44
   ],
   "510":[
      6
   ],
   "520":[
      6
   ],
   "530":[
      5,
      6,
      12,
      24,
      40,
      44
   ],
   "540":[
      6
   ],
   "550":[
      6
   ],
   "560":[
      5,
      12,
      24,
      40,
      44,
      45
   ],
   "600":[
      6,
      12,
      24,
      40,
      44,
      45
   ],
   "630":[
      6,
      12,
      24,
      44,
      45
   ],
   "670":[
      6,
      12,
      24,
      44,
      45
   ],
   "710":[
      7,
      12,
      24,
      44,
      50
   ],
   "750":[
      7,
      12,
      24,
      44
   ],
   "800":[
      7,
      12,
      24,
      44
   ],
   "850":[
      7,
      12,
      24,
      44
   ],
   "900":[
      7,
      12,
      24,
      44
   ],
   "950":[
      8,
      12,
      24,
      44
   ],
   "1000":[
      8,
      12,
      24,
      44
   ],
   "1060":[
      8,
      12,
      24,
      44
   ],
   "1120":[
      8,
      12,
      24,
      44
   ]
}