{
  "build": {
    "core": "stm32",
    "cpu": "cortex-m0",
    "extra_flags": "-DSTM32F030x8",
    "f_cpu": "48000000L",
    "hwids": [
      [
        "0x1EAF",
        "0x0003"
      ],
      [
        "0x1EAF",
        "0x0004"
      ]
    ],
    "ldscript": "STM32F030C8_FLASH.ld",
    "mcu": "stm32f030c8t6",
    "variant": "stm32f0"
  },
  "debug": {
    "jlink_device": "STM32F030c8t6",
    "openocd_target": "stm32f0x",
    "svd_path": "STM32F030xx.svd"
  },
  "frameworks": [
    "arduino",
    "libopencm3",
    "stm32cube",
    "cmsis"
  ],
  "name": "STM32F030C8 (8k RAM. 64k Flash)",
  "upload": {
    "disable_flushing": false,
    "maximum_ram_size": 8192,
    "maximum_size": 65536,
    "protocol": "stlink",
    "protocols": [
	  "cmsis-dap",
      "jlink",
      "stlink",
      "blackmagic",
      "serial",
      "dfu"
    ],
    "require_upload_port": true,
    "use_1200bps_touch": false,
    "wait_for_upload_port": false
  },
  "url": "http://www.st.com/content/st_com/en/products/microcontrollers/stm32-32-bit-arm-cortex-mcus/stm32f0-series/stm32f030/stm32f030c8.html",
  "vendor": "Generic"
}
