<?xml version='1.0' encoding='UTF-8'?>
<!--Thread info: https://www.mwcomponents.com/basic-screw-and-thread-terms -->
<!--Pitch calculator for internal metric threads: https://www.calculatoratoz.com/en/pitch-diameter-of-internal-thread-given-pitch-calculator/Calc-15713 -->
<ThreadType>
  <Name> Manually Created Metric Threads</Name>
  <CustomName> Manually Created Metric Threads</CustomName>
  <Unit>mm</Unit>
  <Angle>60.0</Angle>
  <SortOrder>3</SortOrder>
  <ThreadSize>
    <!--For re-building the nut for Jennifer's car iphone mount-->
    <Size>19</Size>
    <Designation>
      <ThreadDesignation>19x1.411</ThreadDesignation>
      <CTD>19x1.411</CTD>
      <Pitch>1.411</Pitch>
      <Thread>
        <Gender>internal</Gender>
        <Class>O.0</Class>
        <MajorDia>21</MajorDia>
        <PitchDia>20.1</PitchDia>
        <MinorDia>19</MinorDia>
        <TapDrill>19</TapDrill>
      </Thread>
      <!--<Thread>-->
        <!--<Gender>external</Gender>-->
        <!--<Class>O.0</Class>-->
        <!--<MajorDia>7.75</MajorDia>-->
        <!--<PitchDia>5.8</PitchDia>-->
        <!--<MinorDia>4.2</MinorDia>-->
      <!--</Thread>-->
    </Designation>
  </ThreadSize>
  <!--For the nut on Jennifer's lyres-->
  <ThreadSize>
    <Size>4</Size>
    <Designation>
      <ThreadDesignation>4x0.8</ThreadDesignation>
      <CTD>4x0.8</CTD>
      <Pitch>0.8</Pitch>
      <Thread>
        <Gender>internal</Gender>
        <Class>O.0</Class>
        <MajorDia>4.5</MajorDia>
        <PitchDia>3.98</PitchDia>
        <MinorDia>3.63</MinorDia>
        <TapDrill>3.63</TapDrill>
      </Thread>
      <Thread>
        <Gender>internal</Gender>
        <Class>O.1</Class>
        <MajorDia>4.6</MajorDia>
        <PitchDia>4.08</PitchDia>
        <MinorDia>3.73</MinorDia>
        <TapDrill>3.73</TapDrill>
      </Thread>
      <Thread>
        <Gender>internal</Gender>
        <Class>O.2</Class>
        <MajorDia>4.7</MajorDia>
        <PitchDia>4.18</PitchDia>
        <MinorDia>3.83</MinorDia>
        <TapDrill>3.83</TapDrill>
      </Thread>
    </Designation>
  </ThreadSize>
  <ThreadSize>
    <!-- George's lamp nut -->
    <Size>9.45</Size>
    <Designation>
      <ThreadDesignation>9.45x0.9</ThreadDesignation>
      <CTD>9.45x0.9</CTD>
      <Pitch>0.9</Pitch>
      <Thread>
        <Gender>internal</Gender>
        <Class>O.0</Class>
        <MajorDia>10.42</MajorDia>
        <PitchDia>9.84</PitchDia>
        <MinorDia>9.45</MinorDia>
        <TapDrill>9.45</TapDrill>
      </Thread>

    </Designation>

    <Designation>
      <ThreadDesignation>9.45x0.85</ThreadDesignation>
      <CTD>9.45x0.85</CTD>
      <Pitch>0.85</Pitch>
      <Thread>
        <Gender>internal</Gender>
        <Class>O.0</Class>
        <MajorDia>10.37</MajorDia>
        <PitchDia>9.82</PitchDia>
        <MinorDia>9.45</MinorDia>
        <TapDrill>9.45</TapDrill>
      </Thread>
      <Thread>
        <Gender>internal</Gender>
        <Class>O.1</Class>
        <MajorDia>10.47</MajorDia>
        <PitchDia>9.92</PitchDia>
        <MinorDia>9.55</MinorDia>
        <TapDrill>9.55</TapDrill>
      </Thread>
      <Thread>
        <Gender>internal</Gender>
        <Class>O.2</Class>
        <MajorDia>10.57</MajorDia>
        <PitchDia>10.02</PitchDia>
        <MinorDia>9.65</MinorDia>
        <TapDrill>9.65</TapDrill>
      </Thread>
      <Thread>
        <Gender>internal</Gender>
        <Class>O.3</Class>
        <MajorDia>10.67</MajorDia>
        <PitchDia>10.12</PitchDia>
        <MinorDia>9.75</MinorDia>
        <TapDrill>9.75</TapDrill>
      </Thread>
    <Thread>
        <Gender>internal</Gender>
        <Class>O.4</Class>
        <MajorDia>10.77</MajorDia>
        <PitchDia>10.22</PitchDia>
        <MinorDia>9.85</MinorDia>
        <TapDrill>9.85</TapDrill>
      </Thread>
    </Designation>
  </ThreadSize>
</ThreadType>
