<?xml version="1.0" encoding="UTF-8"?>
<ThreadType>
  <Name>PCO28-V1</Name>
  <CustomName>PCO28-V1</CustomName>
  <Unit>mm</Unit>
  <Angle>60</Angle>
  <SortOrder>22</SortOrder>
  <ThreadSize>
    <Size>28</Size>
    <Designation>
      <ThreadDesignation>PCO28</ThreadDesignation>
      <CTD>PCO28</CTD>
      <Pitch>2.794</Pitch>
      <Thread>
        <Gender>external</Gender>
        <Class>6g</Class>
        <MajorDia>28.0</MajorDia>
        <PitchDia>27.2</PitchDia>
        <MinorDia>26.35</MinorDia>
      </Thread>
      <Thread>
        <Gender>internal</Gender>
        <Class>6H</Class>
        <MajorDia>28.8</MajorDia>
        <PitchDia>27.7</PitchDia>
        <MinorDia>26.6</MinorDia>
        <TapDrill>26</TapDrill>
      </Thread>
     </Designation>
  </ThreadSize>
</ThreadType>
