<?xml version="1.0" encoding="UTF-8"?>
<ThreadType>
  <Name>PG Conduit Thread</Name>
  <CustomName>PG Conduit Thread</CustomName>
  <Unit>mm</Unit>
  <Angle>80</Angle>
  <SortOrder>3</SortOrder>
  <ThreadSize>
    <Size>12.50</Size>
    <Designation>
      <ThreadDesignation>PG 7</ThreadDesignation>
      <CTD>PG 7</CTD>
      <Pitch>1.27</Pitch>
      <Thread>
        <Gender>external</Gender>
        <Class>6g</Class>
        <MajorDia>12.30</MajorDia>
        <PitchDia>11.69</PitchDia>
        <MinorDia>11.08</MinorDia>
      </Thread>
      <Thread>
        <Gender>internal</Gender>
        <Class>6H</Class>
        <MajorDia>12.65</MajorDia>
        <PitchDia>12.04</PitchDia>
        <MinorDia>11.43</MinorDia>
        <TapDrill>11.400</TapDrill>
      </Thread>
    </Designation>
  </ThreadSize>
  <ThreadSize>
    <Size>15.20</Size>
    <Designation>
      <ThreadDesignation>PG 9</ThreadDesignation>
      <CTD>PG 9</CTD>
      <Pitch>1.41</Pitch>
      <Thread>
        <Gender>external</Gender>
        <Class>6g</Class>
        <MajorDia>15.00</MajorDia>
        <PitchDia>14.33</PitchDia>
        <MinorDia>13.66</MinorDia>
      </Thread>
      <Thread>
        <Gender>internal</Gender>
        <Class>6H</Class>
        <MajorDia>15.35</MajorDia>
        <PitchDia>14.68</PitchDia>
        <MinorDia>14.01</MinorDia>
        <TapDrill>14.000</TapDrill>
      </Thread>
    </Designation>
  </ThreadSize>
  <ThreadSize>
    <Size>18.60</Size>
    <Designation>
      <ThreadDesignation>PG 11</ThreadDesignation>
      <CTD>PG 11</CTD>
      <Pitch>1.41</Pitch>
      <Thread>
        <Gender>external</Gender>
        <Class>6g</Class>
        <MajorDia>18.40</MajorDia>
        <PitchDia>17.73</PitchDia>
        <MinorDia>17.06</MinorDia>
      </Thread>
      <Thread>
        <Gender>internal</Gender>
        <Class>6H</Class>
        <MajorDia>18.75</MajorDia>
        <PitchDia>18.08</PitchDia>
        <MinorDia>17.41</MinorDia>
        <TapDrill>17.250</TapDrill>
      </Thread>
    </Designation>
  </ThreadSize>
  <ThreadSize>
    <Size>20.40</Size>
    <Designation>
      <ThreadDesignation>PG 13.5</ThreadDesignation>
      <CTD>PG 13.5</CTD>
      <Pitch>1.41</Pitch>
      <Thread>
        <Gender>external</Gender>
        <Class>6g</Class>
        <MajorDia>20.20</MajorDia>
        <PitchDia>19.53</PitchDia>
        <MinorDia>18.86</MinorDia>
      </Thread>
      <Thread>
        <Gender>internal</Gender>
        <Class>6H</Class>
        <MajorDia>20.55</MajorDia>
        <PitchDia>19.88</PitchDia>
        <MinorDia>19.21</MinorDia>
        <TapDrill>19.000</TapDrill>
      </Thread>
    </Designation>
  </ThreadSize>
  <ThreadSize>
    <Size>22.50</Size>
    <Designation>
      <ThreadDesignation>PG 16</ThreadDesignation>
      <CTD>PG 16</CTD>
      <Pitch>1.41</Pitch>
      <Thread>
        <Gender>external</Gender>
        <Class>6g</Class>
        <MajorDia>22.30</MajorDia>
        <PitchDia>21.63</PitchDia>
        <MinorDia>20.96</MinorDia>
      </Thread>
      <Thread>
        <Gender>internal</Gender>
        <Class>6H</Class>
        <MajorDia>22.65</MajorDia>
        <PitchDia>21.98</PitchDia>
        <MinorDia>21.31</MinorDia>
        <TapDrill>21.250</TapDrill>
      </Thread>
    </Designation>
  </ThreadSize>
  <ThreadSize>
    <Size>28.30</Size>
    <Designation>
      <ThreadDesignation>PG 21</ThreadDesignation>
      <CTD>PG 21</CTD>
      <Pitch>1.58</Pitch>
      <Thread>
        <Gender>external</Gender>
        <Class>6g</Class>
        <MajorDia>28.00</MajorDia>
        <PitchDia>27.24</PitchDia>
        <MinorDia>26.48</MinorDia>
      </Thread>
      <Thread>
        <Gender>internal</Gender>
        <Class>6H</Class>
        <MajorDia>28.55</MajorDia>
        <PitchDia>27.79</PitchDia>
        <MinorDia>27.03</MinorDia>
        <TapDrill>26.750</TapDrill>
      </Thread>
    </Designation>
  </ThreadSize>
  <ThreadSize>
    <Size>37.00</Size>
    <Designation>
      <ThreadDesignation>PG 29</ThreadDesignation>
      <CTD>PG 29</CTD>
      <Pitch>1.58</Pitch>
      <Thread>
        <Gender>external</Gender>
        <Class>6g</Class>
        <MajorDia>36.70</MajorDia>
        <PitchDia>35.94</PitchDia>
        <MinorDia>35.18</MinorDia>
      </Thread>
      <Thread>
        <Gender>internal</Gender>
        <Class>6H</Class>
        <MajorDia>37.25</MajorDia>
        <PitchDia>36.49</PitchDia>
        <MinorDia>35.73</MinorDia>
        <TapDrill>35.500</TapDrill>
      </Thread>
    </Designation>
  </ThreadSize>
  <ThreadSize>
    <Size>47.00</Size>
    <Designation>
      <ThreadDesignation>PG 36</ThreadDesignation>
      <CTD>PG 36</CTD>
      <Pitch>1.58</Pitch>
      <Thread>
        <Gender>external</Gender>
        <Class>6g</Class>
        <MajorDia>46.70</MajorDia>
        <PitchDia>45.94</PitchDia>
        <MinorDia>45.18</MinorDia>
      </Thread>
      <Thread>
        <Gender>internal</Gender>
        <Class>6H</Class>
        <MajorDia>47.25</MajorDia>
        <PitchDia>46.49</PitchDia>
        <MinorDia>45.73</MinorDia>
        <TapDrill>45.500</TapDrill>
      </Thread>
    </Designation>
  </ThreadSize>
  <ThreadSize>
    <Size>54.00</Size>
    <Designation>
      <ThreadDesignation>PG 42</ThreadDesignation>
      <CTD>PG 42</CTD>
      <Pitch>1.58</Pitch>
      <Thread>
        <Gender>external</Gender>
        <Class>6g</Class>
        <MajorDia>53.70</MajorDia>
        <PitchDia>52.94</PitchDia>
        <MinorDia>52.18</MinorDia>
      </Thread>
      <Thread>
        <Gender>internal</Gender>
        <Class>6H</Class>
        <MajorDia>54.25</MajorDia>
        <PitchDia>53.49</PitchDia>
        <MinorDia>52.73</MinorDia>
        <TapDrill>52.500</TapDrill>
      </Thread>
    </Designation>
  </ThreadSize>
  <ThreadSize>
    <Size>59.30</Size>
    <Designation>
      <ThreadDesignation>PG 48</ThreadDesignation>
      <CTD>PG 48</CTD>
      <Pitch>1.58</Pitch>
      <Thread>
        <Gender>external</Gender>
        <Class>6g</Class>
        <MajorDia>59.00</MajorDia>
        <PitchDia>58.24</PitchDia>
        <MinorDia>57.48</MinorDia>
      </Thread>
      <Thread>
        <Gender>internal</Gender>
        <Class>6H</Class>
        <MajorDia>59.55</MajorDia>
        <PitchDia>58.79</PitchDia>
        <MinorDia>58.03</MinorDia>
        <TapDrill>57.750</TapDrill>
      </Thread>
    </Designation>
  </ThreadSize>
</ThreadType>
