{
  "execPath": "C:/Users/Ramb0t/.platformio/packages/toolchain-atmelavr/bin/avr-g++.exe",
  "gccDefaultCFlags": "-fsyntax-only -std=gnu11 -fno-fat-lto-objects -g -Os -Wall -ffunction-sections -fdata-sections -flto -mmcu=atmega2560 -DF_CPU=16000000L -DPLATFORMIO=30500 -DARDUINO_ARCH_AVR -DARDUINO_AVR_MEGA2560 -DARDUINO=10619",
  "gccDefaultCppFlags": "-fsyntax-only -fno-exceptions -fno-threadsafe-statics -fpermissive -std=gnu++11 -g -Os -Wall -ffunction-sections -fdata-sections -flto -mmcu=atmega2560 -DF_CPU=16000000L -DPLATFORMIO=30500 -DARDUINO_ARCH_AVR -DARDUINO_AVR_MEGA2560 -DARDUINO=10619",
  "gccErrorLimit": 15,
  "gccIncludePaths": "E:/Users/RobThePyro/Docs/GitHub/Anycubic_i3_Mega/Firmware/Marlin1.1 Port/.pioenvs/megaatmega2560/src,C:/Users/Ramb0t/.platformio/packages/framework-arduinoavr/cores/arduino,C:/Users/Ramb0t/.platformio/packages/framework-arduinoavr/variants/mega,E:/Users/RobThePyro/Docs/GitHub/Anycubic_i3_Mega/Firmware/Marlin1.1 Port/Marlin,E:/Users/RobThePyro/Docs/GitHub/Anycubic_i3_Mega/Firmware/Marlin1.1 Port/.piolibdeps/U8glib_ID7/src,C:/Users/Ramb0t/.platformio/packages/framework-arduinoavr/libraries/__cores__/arduino/Wire/src,C:/Users/Ramb0t/.platformio/packages/framework-arduinoavr/libraries/LiquidCrystal/src,E:/Users/RobThePyro/Docs/GitHub/Anycubic_i3_Mega/Firmware/Marlin1.1 Port/.piolibdeps/U8glib_ID7/src,C:/Users/Ramb0t/.platformio/lib/Adafruit_GFX_ID13,C:/Users/Ramb0t/.platformio/lib/Adafruit_SSD1306_ID135,C:/Users/Ramb0t/.platformio/lib/TimerOne_ID131,C:/Users/Ramb0t/.platformio/packages/framework-arduinoavr/libraries/__cores__/arduino/EEPROM/src,C:/Users/Ramb0t/.platformio/packages/framework-arduinoavr/libraries/__cores__/arduino/HID/src,C:/Users/Ramb0t/.platformio/packages/framework-arduinoavr/libraries/__cores__/arduino/SPI/src,C:/Users/Ramb0t/.platformio/packages/framework-arduinoavr/libraries/__cores__/arduino/SoftwareSerial/src,C:/Users/Ramb0t/.platformio/packages/framework-arduinoavr/libraries/__cores__/arduino/Wire/src,C:/Users/Ramb0t/.platformio/packages/framework-arduinoavr/libraries/Adafruit_CircuitPlayground,C:/Users/Ramb0t/.platformio/packages/framework-arduinoavr/libraries/Adafruit_CircuitPlayground/utility,C:/Users/Ramb0t/.platformio/packages/framework-arduinoavr/libraries/Bridge/src,C:/Users/Ramb0t/.platformio/packages/framework-arduinoavr/libraries/Esplora/src,C:/Users/Ramb0t/.platformio/packages/framework-arduinoavr/libraries/Ethernet/src,C:/Users/Ramb0t/.platformio/packages/framework-arduinoavr/libraries/Firmata,C:/Users/Ramb0t/.platformio/packages/framework-arduinoavr/libraries/Firmata/utility,C:/Users/Ramb0t/.platformio/packages/framework-arduinoavr/libraries/GSM/src,C:/Users/Ramb0t/.platformio/packages/framework-arduinoavr/libraries/Keyboard/src,C:/Users/Ramb0t/.platformio/packages/framework-arduinoavr/libraries/LiquidCrystal/src,C:/Users/Ramb0t/.platformio/packages/framework-arduinoavr/libraries/Mouse/src,C:/Users/Ramb0t/.platformio/packages/framework-arduinoavr/libraries/RobotIRremote/src,C:/Users/Ramb0t/.platformio/packages/framework-arduinoavr/libraries/Robot_Control/src,C:/Users/Ramb0t/.platformio/packages/framework-arduinoavr/libraries/Robot_Motor/src,C:/Users/Ramb0t/.platformio/packages/framework-arduinoavr/libraries/SD/src,C:/Users/Ramb0t/.platformio/packages/framework-arduinoavr/libraries/Servo/src,C:/Users/Ramb0t/.platformio/packages/framework-arduinoavr/libraries/SpacebrewYun/src,C:/Users/Ramb0t/.platformio/packages/framework-arduinoavr/libraries/Stepper/src,C:/Users/Ramb0t/.platformio/packages/framework-arduinoavr/libraries/TFT/src,C:/Users/Ramb0t/.platformio/packages/framework-arduinoavr/libraries/Temboo/src,C:/Users/Ramb0t/.platformio/packages/framework-arduinoavr/libraries/WiFi/src,C:/Users/Ramb0t/.platformio/packages/toolchain-atmelavr/avr/include,C:/Users/Ramb0t/.platformio/packages/toolchain-atmelavr/lib/gcc/avr/4.9.2/include,C:/Users/Ramb0t/.platformio/packages/toolchain-atmelavr/lib/gcc/avr/4.9.2/include-fixed,C:/Users/Ramb0t/.platformio/packages/tool-unity",
  "gccSuppressWarnings": false
}
